train_id,cert_telecom_expiry,job_card_status,job_card_priority,branding_sla_active,current_km,target_km,last_cleaned_date,stabling_shunt_moves,target_hours,current_hours,brake_model,bogie_last_service_km,health_score,consecutive_service_days,total_service_days_month,total_maintenance_days_month,is_cert_expired,km_since_last_service,manual_force_maintenance,simulation_day,status
Rake-01,2026-10-20,CLOSED,NONE,False,11200,50000,2025-09-12,0,0.0,0.0,ElectroBrake_v2,10800,99.0,1,56,16,False,200,False,1,SERVICE
Rake-02,2025-10-12,CLOSED,NONE,False,11000,50000,2025-09-10,1,0.0,0.0,HydroMech_v1,10600,98.0,0,55,12,False,400,False,1,STANDBY
Rake-03,2026-01-15,CLOSED,NONE,False,10800,50000,2025-09-12,2,0.0,0.0,ElectroBrake_v2,10200,97.0,0,54,12,False,600,False,1,STANDBY
Rake-04,2025-11-05,CLOSED,NONE,True,11000,50000,2025-09-11,1,60.0,880.0,ElectroBrake_v2,10800,99.0,0,55,18,False,200,False,1,STANDBY
Rake-05,2026-09-30,CLOSED,NONE,True,11200,50000,2025-09-12,0,80.0,896.0,HydroMech_v1,10600,97.0,0,56,15,False,600,False,1,STANDBY
Rake-06,2026-03-18,CLOSED,NONE,False,11000,50000,2025-09-05,2,0.0,0.0,ElectroBrake_v2,10800,98.0,0,55,13,False,200,False,1,STANDBY
Rake-07,2025-10-13,CLOSED,NONE,False,11000,50000,2025-09-12,1,0.0,0.0,HydroMech_v1,11000,100.0,0,55,15,False,0,False,1,STANDBY
Rake-08,2026-05-22,CLOSED,NONE,False,11200,50000,2025-09-13,0,0.0,0.0,ElectroBrake_v2,11000,100.0,1,56,15,False,0,False,1,SERVICE
Rake-09,2026-07-30,CLOSED,NONE,False,11000,50000,2025-09-11,2,0.0,0.0,HydroMech_v1,10600,97.0,0,55,14,False,400,False,1,STANDBY
Rake-10,2025-12-12,CLOSED,NONE,False,11000,50000,2025-09-13,1,0.0,0.0,ElectroBrake_v2,10400,97.0,0,55,12,False,600,False,1,STANDBY
Rake-11,2026-02-28,CLOSED,NONE,True,11000,50000,2025-09-12,1,100.0,880.0,ElectroBrake_v2,10600,98.0,0,55,12,False,400,False,1,STANDBY
Rake-12,2026-08-01,CLOSED,NONE,False,11400,50000,2025-09-04,0,0.0,0.0,HydroMech_v1,11000,99.0,1,57,16,False,200,False,1,SERVICE
Rake-13,2026-04-10,CLOSED,NONE,False,11000,50000,2025-09-13,2,0.0,0.0,ElectroBrake_v2,11000,100.0,0,55,14,False,600,False,1,MAINTENANCE
Rake-14,2025-10-10,CLOSED,NONE,False,11000,50000,2025-09-12,1,0.0,0.0,HydroMech_v1,11000,100.0,0,55,13,False,0,False,1,STANDBY
Rake-15,2026-06-19,CLOSED,NONE,False,11200,50000,2025-09-10,0,0.0,0.0,ElectroBrake_v2,10800,97.0,0,56,12,False,400,False,1,STANDBY
Rake-16,2027-01-01,CLOSED,NONE,False,10800,50000,2025-09-13,2,0.0,0.0,ElectroBrake_v2,10400,98.0,0,54,16,False,400,False,1,STANDBY
Rake-17,2026-09-05,CLOSED,NONE,True,11000,50000,2025-09-11,1,40.0,880.0,HydroMech_v1,10800,99.0,0,55,14,False,200,False,1,STANDBY
Rake-18,2026-11-20,CLOSED,NONE,False,11400,50000,2025-09-13,0,0.0,0.0,ElectroBrake_v2,11000,99.0,1,57,12,False,200,False,1,SERVICE
Rake-19,2026-10-10,CLOSED,NONE,False,11000,50000,2025-09-06,1,0.0,0.0,HydroMech_v1,11000,100.0,0,55,18,False,0,False,1,STANDBY
Rake-20,2025-10-13,CLOSED,NONE,False,11000,50000,2025-09-12,2,0.0,0.0,ElectroBrake_v2,10800,98.0,0,55,13,False,200,False,1,STANDBY
Rake-21,2026-12-01,CLOSED,NONE,False,11000,50000,2025-09-13,1,0.0,0.0,ElectroBrake_v2,11000,100.0,0,55,14,False,0,False,1,STANDBY
Rake-22,2026-04-15,CLOSED,NONE,False,11200,50000,2025-09-12,0,0.0,0.0,HydroMech_v1,11000,100.0,1,56,13,False,0,False,1,SERVICE
Rake-23,2026-07-20,CLOSED,NONE,True,11000,50000,2025-09-11,2,120.0,880.0,ElectroBrake_v2,11000,100.0,0,55,12,False,800,False,1,MAINTENANCE
Rake-24,2026-08-25,CLOSED,NONE,False,11000,50000,2025-09-10,1,0.0,0.0,HydroMech_v1,10400,97.0,0,55,13,False,600,False,1,STANDBY
Rake-25,2026-01-30,CLOSED,NONE,False,11200,50000,2025-09-13,0,0.0,0.0,ElectroBrake_v2,10800,99.0,1,56,12,False,200,False,1,SERVICE
Rake-01,2026-10-20,CLOSED,NONE,False,11200,50000,2025-09-12,0,0.0,0.0,ElectroBrake_v2,10800,97.0,0,56,16,False,400,False,2,STANDBY
Rake-02,2025-10-12,CLOSED,NONE,False,11000,50000,2025-09-10,1,0.0,0.0,HydroMech_v1,10600,98.0,0,55,12,False,400,False,2,STANDBY
Rake-03,2026-01-15,CLOSED,NONE,False,10800,50000,2025-09-12,2,0.0,0.0,ElectroBrake_v2,10200,97.0,0,54,12,False,600,False,2,STANDBY
Rake-04,2025-11-05,CLOSED,NONE,True,11000,50000,2025-09-11,1,60.0,880.0,ElectroBrake_v2,10800,99.0,0,55,18,False,200,False,2,STANDBY
Rake-05,2026-09-30,CLOSED,NONE,True,11400,50000,2025-09-12,0,80.0,912.0,HydroMech_v1,10600,97.0,1,57,15,False,600,False,2,SERVICE
Rake-06,2026-03-18,CLOSED,NONE,False,11000,50000,2025-09-05,2,0.0,0.0,ElectroBrake_v2,10800,99.0,0,55,13,False,200,False,2,STANDBY
Rake-07,2025-10-13,CLOSED,NONE,False,11200,50000,2025-09-12,1,0.0,0.0,HydroMech_v1,11000,100.0,1,56,15,False,0,False,2,SERVICE
Rake-08,2026-05-22,CLOSED,NONE,False,11200,50000,2025-09-13,0,0.0,0.0,ElectroBrake_v2,11000,98.0,0,56,15,False,200,False,2,STANDBY
Rake-09,2026-07-30,CLOSED,NONE,False,11000,50000,2025-09-11,2,0.0,0.0,HydroMech_v1,10600,98.0,0,55,14,False,400,False,2,STANDBY
Rake-10,2025-12-12,CLOSED,NONE,False,11000,50000,2025-09-13,1,0.0,0.0,ElectroBrake_v2,10400,97.0,0,55,12,False,600,False,2,STANDBY
Rake-11,2026-02-28,CLOSED,NONE,True,11000,50000,2025-09-12,1,100.0,880.0,ElectroBrake_v2,10600,98.0,0,55,12,False,400,False,2,STANDBY
Rake-12,2026-08-01,CLOSED,NONE,False,11400,50000,2025-09-04,0,0.0,0.0,HydroMech_v1,11400,100.0,0,57,17,False,400,False,2,MAINTENANCE
Rake-13,2026-04-10,CLOSED,NONE,False,11000,50000,2025-09-13,2,0.0,0.0,ElectroBrake_v2,11000,100.0,0,55,14,False,0,False,2,STANDBY
Rake-14,2025-10-10,CLOSED,NONE,False,11200,50000,2025-09-12,1,0.0,0.0,HydroMech_v1,11000,100.0,1,56,13,False,0,False,2,SERVICE
Rake-15,2026-06-19,CLOSED,NONE,False,11400,50000,2025-09-10,0,0.0,0.0,ElectroBrake_v2,10800,98.0,1,57,12,False,400,False,2,SERVICE
Rake-16,2027-01-01,CLOSED,NONE,False,10800,50000,2025-09-13,2,0.0,0.0,ElectroBrake_v2,10400,98.0,0,54,16,False,400,False,2,STANDBY
Rake-17,2026-09-05,CLOSED,NONE,True,11000,50000,2025-09-11,1,40.0,880.0,HydroMech_v1,10800,99.0,0,55,14,False,200,False,2,STANDBY
Rake-18,2026-11-20,CLOSED,NONE,False,11400,50000,2025-09-13,0,0.0,0.0,ElectroBrake_v2,11400,100.0,0,57,13,False,400,False,2,MAINTENANCE
Rake-19,2026-10-10,CLOSED,NONE,False,11200,50000,2025-09-06,1,0.0,0.0,HydroMech_v1,11000,100.0,1,56,18,False,0,False,2,SERVICE
Rake-20,2025-10-13,CLOSED,NONE,False,11000,50000,2025-09-12,2,0.0,0.0,ElectroBrake_v2,10800,99.0,0,55,13,False,200,False,2,STANDBY
Rake-21,2026-12-01,CLOSED,NONE,False,11200,50000,2025-09-13,1,0.0,0.0,ElectroBrake_v2,11000,100.0,1,56,14,False,0,False,2,SERVICE
Rake-22,2026-04-15,CLOSED,NONE,False,11200,50000,2025-09-12,0,0.0,0.0,HydroMech_v1,11000,98.0,0,56,13,False,200,False,2,STANDBY
Rake-23,2026-07-20,CLOSED,NONE,True,11000,50000,2025-09-11,2,120.0,880.0,ElectroBrake_v2,11000,100.0,0,55,12,False,0,False,2,STANDBY
Rake-24,2026-08-25,CLOSED,NONE,False,11000,50000,2025-09-10,1,0.0,0.0,HydroMech_v1,10400,97.0,0,55,13,False,600,False,2,STANDBY
Rake-25,2026-01-30,CLOSED,NONE,False,11200,50000,2025-09-13,0,0.0,0.0,ElectroBrake_v2,10800,97.0,0,56,12,False,400,False,2,STANDBY
Rake-01,2026-10-20,CLOSED,NONE,False,11400,50000,2025-09-12,0,0.0,0.0,ElectroBrake_v2,10800,98.0,1,57,16,False,400,False,3,SERVICE
Rake-02,2025-10-12,CLOSED,NONE,False,11000,50000,2025-09-10,1,0.0,0.0,HydroMech_v1,10600,98.0,0,55,12,False,400,False,3,STANDBY
Rake-03,2026-01-15,CLOSED,NONE,False,10800,50000,2025-09-12,2,0.0,0.0,ElectroBrake_v2,10200,97.0,0,54,12,False,600,False,3,STANDBY
Rake-04,2025-11-05,CLOSED,NONE,True,11000,50000,2025-09-11,1,60.0,880.0,ElectroBrake_v2,10800,99.0,0,55,18,False,200,False,3,STANDBY
Rake-05,2026-09-30,CLOSED,NONE,True,11400,50000,2025-09-12,0,80.0,912.0,HydroMech_v1,11400,100.0,0,57,16,False,800,False,3,MAINTENANCE
Rake-06,2026-03-18,CLOSED,NONE,False,11000,50000,2025-09-05,2,0.0,0.0,ElectroBrake_v2,10800,99.0,0,55,13,False,200,False,3,STANDBY
Rake-07,2025-10-13,CLOSED,NONE,False,11200,50000,2025-09-12,1,0.0,0.0,HydroMech_v1,11000,98.0,0,56,15,False,200,False,3,STANDBY
Rake-08,2026-05-22,CLOSED,NONE,False,11400,50000,2025-09-13,0,0.0,0.0,ElectroBrake_v2,11000,99.0,1,57,15,False,200,False,3,SERVICE
Rake-09,2026-07-30,CLOSED,NONE,False,11000,50000,2025-09-11,2,0.0,0.0,HydroMech_v1,10600,98.0,0,55,14,False,400,False,3,STANDBY
Rake-10,2025-12-12,CLOSED,NONE,False,11000,50000,2025-09-13,1,0.0,0.0,ElectroBrake_v2,10400,97.0,0,55,12,False,600,False,3,STANDBY
Rake-11,2026-02-28,CLOSED,NONE,True,11000,50000,2025-09-12,1,100.0,880.0,ElectroBrake_v2,10600,98.0,0,55,12,False,400,False,3,STANDBY
Rake-12,2026-08-01,CLOSED,NONE,False,11600,50000,2025-09-04,0,0.0,0.0,HydroMech_v1,11400,100.0,1,58,17,False,0,False,3,SERVICE
Rake-13,2026-04-10,CLOSED,NONE,False,11000,50000,2025-09-13,2,0.0,0.0,ElectroBrake_v2,11000,100.0,0,55,14,False,0,False,3,STANDBY
Rake-14,2025-10-10,CLOSED,NONE,False,11200,50000,2025-09-12,1,0.0,0.0,HydroMech_v1,11000,98.0,0,56,13,False,200,False,3,STANDBY
Rake-15,2026-06-19,CLOSED,NONE,False,11400,50000,2025-09-10,0,0.0,0.0,ElectroBrake_v2,11400,100.0,0,57,13,False,600,False,3,MAINTENANCE
Rake-16,2027-01-01,CLOSED,NONE,False,10800,50000,2025-09-13,2,0.0,0.0,ElectroBrake_v2,10400,98.0,0,54,16,False,400,False,3,STANDBY
Rake-17,2026-09-05,CLOSED,NONE,True,11000,50000,2025-09-11,1,40.0,880.0,HydroMech_v1,10800,99.0,0,55,14,False,200,False,3,STANDBY
Rake-18,2026-11-20,CLOSED,NONE,False,11600,50000,2025-09-13,0,0.0,0.0,ElectroBrake_v2,11400,100.0,1,58,13,False,0,False,3,SERVICE
Rake-19,2026-10-10,CLOSED,NONE,False,11200,50000,2025-09-06,1,0.0,0.0,HydroMech_v1,11000,98.0,0,56,18,False,200,False,3,STANDBY
Rake-20,2025-10-13,CLOSED,NONE,False,11000,50000,2025-09-12,2,0.0,0.0,ElectroBrake_v2,10800,99.0,0,55,13,False,200,False,3,STANDBY
Rake-21,2026-12-01,CLOSED,NONE,False,11200,50000,2025-09-13,1,0.0,0.0,ElectroBrake_v2,11000,98.0,0,56,14,False,200,False,3,STANDBY
Rake-22,2026-04-15,CLOSED,NONE,False,11400,50000,2025-09-12,0,0.0,0.0,HydroMech_v1,11000,99.0,1,57,13,False,200,False,3,SERVICE
Rake-23,2026-07-20,CLOSED,NONE,True,11000,50000,2025-09-11,2,120.0,880.0,ElectroBrake_v2,11000,100.0,0,55,12,False,0,False,3,STANDBY
Rake-24,2026-08-25,CLOSED,NONE,False,11000,50000,2025-09-10,1,0.0,0.0,HydroMech_v1,10400,97.0,0,55,13,False,600,False,3,STANDBY
Rake-25,2026-01-30,CLOSED,NONE,False,11400,50000,2025-09-13,0,0.0,0.0,ElectroBrake_v2,10800,98.0,1,57,12,False,400,False,3,SERVICE
Rake-01,2026-10-20,CLOSED,NONE,False,11400,50000,2025-09-12,0,0.0,0.0,ElectroBrake_v2,11400,100.0,0,57,17,False,600,False,4,MAINTENANCE
Rake-02,2025-10-12,CLOSED,NONE,False,11200,50000,2025-09-10,1,0.0,0.0,HydroMech_v1,10600,98.0,1,56,12,False,400,False,4,SERVICE
Rake-03,2026-01-15,CLOSED,NONE,False,10800,50000,2025-09-12,2,0.0,0.0,ElectroBrake_v2,10200,97.0,0,54,12,False,600,False,4,STANDBY
Rake-04,2025-11-05,CLOSED,NONE,True,11200,50000,2025-09-11,1,60.0,896.0,ElectroBrake_v2,10800,99.0,1,56,18,False,200,False,4,SERVICE
Rake-05,2026-09-30,CLOSED,NONE,True,11600,50000,2025-09-12,0,80.0,928.0,HydroMech_v1,11400,100.0,1,58,16,False,0,False,4,SERVICE
Rake-06,2026-03-18,CLOSED,NONE,False,11000,50000,2025-09-05,2,0.0,0.0,ElectroBrake_v2,10800,99.0,0,55,13,False,200,False,4,STANDBY
Rake-07,2025-10-13,CLOSED,NONE,False,11200,50000,2025-09-12,1,0.0,0.0,HydroMech_v1,11000,99.0,0,56,15,False,200,False,4,STANDBY
Rake-08,2026-05-22,CLOSED,NONE,False,11400,50000,2025-09-13,0,0.0,0.0,ElectroBrake_v2,11000,97.0,0,57,15,False,400,False,4,STANDBY
Rake-09,2026-07-30,CLOSED,NONE,False,11000,50000,2025-09-11,2,0.0,0.0,HydroMech_v1,10600,98.0,0,55,14,False,400,False,4,STANDBY
Rake-10,2025-12-12,CLOSED,NONE,False,11200,50000,2025-09-13,1,0.0,0.0,ElectroBrake_v2,10400,97.0,1,56,12,False,600,False,4,SERVICE
Rake-11,2026-02-28,CLOSED,NONE,True,11000,50000,2025-09-12,1,100.0,880.0,ElectroBrake_v2,10600,98.0,0,55,12,False,400,False,4,STANDBY
Rake-12,2026-08-01,CLOSED,NONE,False,11600,50000,2025-09-04,0,0.0,0.0,HydroMech_v1,11400,98.0,0,58,17,False,200,False,4,STANDBY
Rake-13,2026-04-10,CLOSED,NONE,False,11000,50000,2025-09-13,2,0.0,0.0,ElectroBrake_v2,11000,100.0,0,55,14,False,0,False,4,STANDBY
Rake-14,2025-10-10,CLOSED,NONE,False,11200,50000,2025-09-12,1,0.0,0.0,HydroMech_v1,11000,99.0,0,56,13,False,200,False,4,STANDBY
Rake-15,2026-06-19,CLOSED,NONE,False,11600,50000,2025-09-10,0,0.0,0.0,ElectroBrake_v2,11400,100.0,1,58,13,False,0,False,4,SERVICE
Rake-16,2027-01-01,CLOSED,NONE,False,10800,50000,2025-09-13,2,0.0,0.0,ElectroBrake_v2,10400,98.0,0,54,16,False,400,False,4,STANDBY
Rake-17,2026-09-05,CLOSED,NONE,True,11200,50000,2025-09-11,1,40.0,896.0,HydroMech_v1,10800,99.0,1,56,14,False,200,False,4,SERVICE
Rake-18,2026-11-20,CLOSED,NONE,False,11600,50000,2025-09-13,0,0.0,0.0,ElectroBrake_v2,11400,98.0,0,58,13,False,200,False,4,STANDBY
Rake-19,2026-10-10,CLOSED,NONE,False,11200,50000,2025-09-06,1,0.0,0.0,HydroMech_v1,11000,99.0,0,56,18,False,200,False,4,STANDBY
Rake-20,2025-10-13,CLOSED,NONE,False,11000,50000,2025-09-12,2,0.0,0.0,ElectroBrake_v2,10800,99.0,0,55,13,False,200,False,4,STANDBY
Rake-21,2026-12-01,CLOSED,NONE,False,11200,50000,2025-09-13,1,0.0,0.0,ElectroBrake_v2,11000,99.0,0,56,14,False,200,False,4,STANDBY
Rake-22,2026-04-15,CLOSED,NONE,False,11400,50000,2025-09-12,0,0.0,0.0,HydroMech_v1,11000,97.0,0,57,13,False,400,False,4,STANDBY
Rake-23,2026-07-20,CLOSED,NONE,True,11000,50000,2025-09-11,2,120.0,880.0,ElectroBrake_v2,11000,100.0,0,55,12,False,0,False,4,STANDBY
Rake-24,2026-08-25,CLOSED,NONE,False,11000,50000,2025-09-10,1,0.0,0.0,HydroMech_v1,10400,97.0,0,55,13,False,600,False,4,STANDBY
Rake-25,2026-01-30,CLOSED,NONE,False,11400,50000,2025-09-13,0,0.0,0.0,ElectroBrake_v2,11400,100.0,0,57,13,False,600,False,4,MAINTENANCE
Rake-01,2026-10-20,CLOSED,NONE,False,11600,50000,2025-09-12,0,0.0,0.0,ElectroBrake_v2,11400,100.0,1,58,17,False,0,False,5,SERVICE
Rake-02,2025-10-12,CLOSED,NONE,False,11200,50000,2025-09-10,1,0.0,0.0,HydroMech_v1,10600,96.0,0,56,12,False,600,False,5,STANDBY
Rake-03,2026-01-15,CLOSED,NONE,False,10800,50000,2025-09-12,2,0.0,0.0,ElectroBrake_v2,10200,97.0,0,54,12,False,600,False,5,STANDBY
Rake-04,2025-11-05,CLOSED,NONE,True,11200,50000,2025-09-11,1,60.0,896.0,ElectroBrake_v2,10800,97.0,0,56,18,False,400,False,5,STANDBY
Rake-05,2026-09-30,CLOSED,NONE,True,11600,50000,2025-09-12,0,80.0,928.0,HydroMech_v1,11400,98.0,0,58,16,False,200,False,5,STANDBY
Rake-06,2026-03-18,CLOSED,NONE,False,11000,50000,2025-09-05,2,0.0,0.0,ElectroBrake_v2,10800,99.0,0,55,13,False,200,False,5,STANDBY
Rake-07,2025-10-13,CLOSED,NONE,False,11200,50000,2025-09-12,1,0.0,0.0,HydroMech_v1,11000,99.0,0,56,15,False,200,False,5,STANDBY
Rake-08,2026-05-22,CLOSED,NONE,False,11600,50000,2025-09-13,0,0.0,0.0,ElectroBrake_v2,11000,98.0,1,58,15,False,400,False,5,SERVICE
Rake-09,2026-07-30,CLOSED,NONE,False,11000,50000,2025-09-11,2,0.0,0.0,HydroMech_v1,10600,98.0,0,55,14,False,400,False,5,STANDBY
Rake-10,2025-12-12,CLOSED,NONE,False,11200,50000,2025-09-13,1,0.0,0.0,ElectroBrake_v2,11200,100.0,0,56,13,False,800,False,5,MAINTENANCE
Rake-11,2026-02-28,CLOSED,NONE,True,11200,50000,2025-09-12,1,100.0,896.0,ElectroBrake_v2,10600,98.0,1,56,12,False,400,False,5,SERVICE
Rake-12,2026-08-01,CLOSED,NONE,False,11600,50000,2025-09-04,0,0.0,0.0,HydroMech_v1,11600,100.0,0,58,18,False,200,False,5,MAINTENANCE
Rake-13,2026-04-10,CLOSED,NONE,False,11000,50000,2025-09-13,2,0.0,0.0,ElectroBrake_v2,11000,100.0,0,55,14,False,0,False,5,STANDBY
Rake-14,2025-10-10,CLOSED,NONE,False,11200,50000,2025-09-12,1,0.0,0.0,HydroMech_v1,11000,99.0,0,56,13,False,200,False,5,STANDBY
Rake-15,2026-06-19,CLOSED,NONE,False,11600,50000,2025-09-10,0,0.0,0.0,ElectroBrake_v2,11400,98.0,0,58,13,False,200,False,5,STANDBY
Rake-16,2027-01-01,CLOSED,NONE,False,10800,50000,2025-09-13,2,0.0,0.0,ElectroBrake_v2,10400,98.0,0,54,16,False,400,False,5,STANDBY
Rake-17,2026-09-05,CLOSED,NONE,True,11200,50000,2025-09-11,1,40.0,896.0,HydroMech_v1,10800,97.0,0,56,14,False,400,False,5,STANDBY
Rake-18,2026-11-20,CLOSED,NONE,False,11800,50000,2025-09-13,0,0.0,0.0,ElectroBrake_v2,11400,99.0,1,59,13,False,200,False,5,SERVICE
Rake-19,2026-10-10,CLOSED,NONE,False,11200,50000,2025-09-06,1,0.0,0.0,HydroMech_v1,11000,99.0,0,56,18,False,200,False,5,STANDBY
Rake-20,2025-10-13,CLOSED,NONE,False,11000,50000,2025-09-12,2,0.0,0.0,ElectroBrake_v2,10800,99.0,0,55,13,False,200,False,5,STANDBY
Rake-21,2026-12-01,CLOSED,NONE,False,11200,50000,2025-09-13,1,0.0,0.0,ElectroBrake_v2,11000,99.0,0,56,14,False,200,False,5,STANDBY
Rake-22,2026-04-15,CLOSED,NONE,False,11600,50000,2025-09-12,0,0.0,0.0,HydroMech_v1,11000,98.0,1,58,13,False,400,False,5,SERVICE
Rake-23,2026-07-20,CLOSED,NONE,True,11000,50000,2025-09-11,2,120.0,880.0,ElectroBrake_v2,11000,100.0,0,55,12,False,0,False,5,STANDBY
Rake-24,2026-08-25,CLOSED,NONE,False,11000,50000,2025-09-10,1,0.0,0.0,HydroMech_v1,10400,97.0,0,55,13,False,600,False,5,STANDBY
Rake-25,2026-01-30,CLOSED,NONE,False,11600,50000,2025-09-13,0,0.0,0.0,ElectroBrake_v2,11400,100.0,1,58,13,False,0,False,5,SERVICE
Rake-01,2026-10-20,CLOSED,NONE,False,11600,50000,2025-09-12,0,0.0,0.0,ElectroBrake_v2,11400,98.0,0,58,17,False,200,False,6,STANDBY
Rake-02,2025-10-12,CLOSED,NONE,False,11400,50000,2025-09-10,1,0.0,0.0,HydroMech_v1,10600,97.0,1,57,12,False,600,False,6,SERVICE
Rake-03,2026-01-15,CLOSED,NONE,False,10800,50000,2025-09-12,2,0.0,0.0,ElectroBrake_v2,10200,97.0,0,54,12,False,600,False,6,STANDBY
Rake-04,2025-11-05,CLOSED,NONE,True,11200,50000,2025-09-11,1,60.0,896.0,ElectroBrake_v2,10800,98.0,0,56,18,False,400,False,6,STANDBY
Rake-05,2026-09-30,CLOSED,NONE,True,11800,50000,2025-09-12,0,80.0,944.0,HydroMech_v1,11400,99.0,1,59,16,False,200,False,6,SERVICE
Rake-06,2026-03-18,CLOSED,NONE,False,11000,50000,2025-09-05,2,0.0,0.0,ElectroBrake_v2,10800,99.0,0,55,13,False,200,False,6,STANDBY
Rake-07,2025-10-13,CLOSED,NONE,False,11400,50000,2025-09-12,1,0.0,0.0,HydroMech_v1,11000,99.0,1,57,15,False,200,False,6,SERVICE
Rake-08,2026-05-22,CLOSED,NONE,False,11600,50000,2025-09-13,0,0.0,0.0,ElectroBrake_v2,11000,96.0,0,58,15,False,600,False,6,STANDBY
Rake-09,2026-07-30,CLOSED,NONE,False,11000,50000,2025-09-11,2,0.0,0.0,HydroMech_v1,10600,98.0,0,55,14,False,400,False,6,STANDBY
Rake-10,2025-12-12,CLOSED,NONE,False,11200,50000,2025-09-13,1,0.0,0.0,ElectroBrake_v2,11200,100.0,0,56,13,False,0,False,6,STANDBY
Rake-11,2026-02-28,CLOSED,NONE,True,11200,50000,2025-09-12,1,100.0,896.0,ElectroBrake_v2,11200,100.0,0,56,13,False,600,False,6,MAINTENANCE
Rake-12,2026-08-01,CLOSED,NONE,False,11800,50000,2025-09-04,0,0.0,0.0,HydroMech_v1,11600,100.0,1,59,18,False,0,False,6,SERVICE
Rake-13,2026-04-10,CLOSED,NONE,False,11000,50000,2025-09-13,2,0.0,0.0,ElectroBrake_v2,11000,100.0,0,55,14,False,0,False,6,STANDBY
Rake-14,2025-10-10,CLOSED,NONE,False,11200,50000,2025-09-12,1,0.0,0.0,HydroMech_v1,11000,99.0,0,56,13,False,200,False,6,STANDBY
Rake-15,2026-06-19,CLOSED,NONE,False,11800,50000,2025-09-10,0,0.0,0.0,ElectroBrake_v2,11400,99.0,1,59,13,False,200,False,6,SERVICE
Rake-16,2027-01-01,CLOSED,NONE,False,10800,50000,2025-09-13,2,0.0,0.0,ElectroBrake_v2,10400,98.0,0,54,16,False,400,False,6,STANDBY
Rake-17,2026-09-05,CLOSED,NONE,True,11200,50000,2025-09-11,1,40.0,896.0,HydroMech_v1,10800,98.0,0,56,14,False,400,False,6,STANDBY
Rake-18,2026-11-20,CLOSED,NONE,False,11800,50000,2025-09-13,0,0.0,0.0,ElectroBrake_v2,11400,97.0,0,59,13,False,400,False,6,STANDBY
Rake-19,2026-10-10,CLOSED,NONE,False,11200,50000,2025-09-06,1,0.0,0.0,HydroMech_v1,11000,99.0,0,56,18,False,200,False,6,STANDBY
Rake-20,2025-10-13,CLOSED,NONE,False,11000,50000,2025-09-12,2,0.0,0.0,ElectroBrake_v2,10800,99.0,0,55,13,False,200,False,6,STANDBY
Rake-21,2026-12-01,CLOSED,NONE,False,11200,50000,2025-09-13,1,0.0,0.0,ElectroBrake_v2,11000,99.0,0,56,14,False,200,False,6,STANDBY
Rake-22,2026-04-15,CLOSED,NONE,False,11600,50000,2025-09-12,0,0.0,0.0,HydroMech_v1,11600,100.0,0,58,14,False,600,False,6,MAINTENANCE
Rake-23,2026-07-20,CLOSED,NONE,True,11000,50000,2025-09-11,2,120.0,880.0,ElectroBrake_v2,11000,100.0,0,55,12,False,0,False,6,STANDBY
Rake-24,2026-08-25,CLOSED,NONE,False,11200,50000,2025-09-10,1,0.0,0.0,HydroMech_v1,10400,97.0,1,56,13,False,600,False,6,SERVICE
Rake-25,2026-01-30,CLOSED,NONE,False,11600,50000,2025-09-13,0,0.0,0.0,ElectroBrake_v2,11400,98.0,0,58,13,False,200,False,6,STANDBY
Rake-01,2026-10-20,CLOSED,NONE,False,11800,50000,2025-09-12,0,0.0,0.0,ElectroBrake_v2,11400,99.0,1,59,17,False,200,False,7,SERVICE
Rake-02,2025-10-12,CLOSED,NONE,False,11400,50000,2025-09-10,1,0.0,0.0,HydroMech_v1,10600,95.0,0,57,12,False,800,False,7,STANDBY
Rake-03,2026-01-15,CLOSED,NONE,False,10800,50000,2025-09-12,2,0.0,0.0,ElectroBrake_v2,10200,97.0,0,54,12,False,600,False,7,STANDBY
Rake-04,2025-11-05,CLOSED,NONE,True,11200,50000,2025-09-11,1,60.0,896.0,ElectroBrake_v2,10800,98.0,0,56,18,False,400,False,7,STANDBY
Rake-05,2026-09-30,CLOSED,NONE,True,11800,50000,2025-09-12,0,80.0,944.0,HydroMech_v1,11400,97.0,0,59,16,False,400,False,7,STANDBY
Rake-06,2026-03-18,CLOSED,NONE,False,11000,50000,2025-09-05,2,0.0,0.0,ElectroBrake_v2,10800,99.0,0,55,13,False,200,False,7,STANDBY
Rake-07,2025-10-13,CLOSED,NONE,False,11400,50000,2025-09-12,1,0.0,0.0,HydroMech_v1,11000,97.0,0,57,15,False,400,False,7,STANDBY
Rake-08,2026-05-22,CLOSED,NONE,False,11800,50000,2025-09-13,0,0.0,0.0,ElectroBrake_v2,11000,97.0,1,59,15,False,600,False,7,SERVICE
Rake-09,2026-07-30,CLOSED,NONE,False,11000,50000,2025-09-11,2,0.0,0.0,HydroMech_v1,10600,98.0,0,55,14,False,400,False,7,STANDBY
Rake-10,2025-12-12,CLOSED,NONE,False,11200,50000,2025-09-13,1,0.0,0.0,ElectroBrake_v2,11200,100.0,0,56,13,False,0,False,7,STANDBY
Rake-11,2026-02-28,CLOSED,NONE,True,11400,50000,2025-09-12,1,100.0,912.0,ElectroBrake_v2,11200,100.0,1,57,13,False,0,False,7,SERVICE
Rake-12,2026-08-01,CLOSED,NONE,False,11800,50000,2025-09-04,0,0.0,0.0,HydroMech_v1,11600,98.0,0,59,18,False,200,False,7,STANDBY
Rake-13,2026-04-10,CLOSED,NONE,False,11000,50000,2025-09-13,2,0.0,0.0,ElectroBrake_v2,11000,100.0,0,55,14,False,0,False,7,STANDBY
Rake-14,2025-10-10,CLOSED,NONE,False,11200,50000,2025-09-12,1,0.0,0.0,HydroMech_v1,11000,99.0,0,56,13,False,200,False,7,STANDBY
Rake-15,2026-06-19,CLOSED,NONE,False,11800,50000,2025-09-10,0,0.0,0.0,ElectroBrake_v2,11400,97.0,0,59,13,False,400,False,7,STANDBY
Rake-16,2027-01-01,CLOSED,NONE,False,10800,50000,2025-09-13,2,0.0,0.0,ElectroBrake_v2,10400,98.0,0,54,16,False,400,False,7,STANDBY
Rake-17,2026-09-05,CLOSED,NONE,True,11400,50000,2025-09-11,1,40.0,912.0,HydroMech_v1,10800,98.0,1,57,14,False,400,False,7,SERVICE
Rake-18,2026-11-20,CLOSED,NONE,False,11800,50000,2025-09-13,0,0.0,0.0,ElectroBrake_v2,11400,98.0,0,59,13,False,400,False,7,STANDBY
Rake-19,2026-10-10,CLOSED,NONE,False,11200,50000,2025-09-06,1,0.0,0.0,HydroMech_v1,11000,99.0,0,56,18,False,200,False,7,STANDBY
Rake-20,2025-10-13,CLOSED,NONE,False,11000,50000,2025-09-12,2,0.0,0.0,ElectroBrake_v2,10800,99.0,0,55,13,False,200,False,7,STANDBY
Rake-21,2026-12-01,CLOSED,NONE,False,11200,50000,2025-09-13,1,0.0,0.0,ElectroBrake_v2,11000,99.0,0,56,14,False,200,False,7,STANDBY
Rake-22,2026-04-15,CLOSED,NONE,False,11800,50000,2025-09-12,0,0.0,0.0,HydroMech_v1,11600,100.0,1,59,14,False,0,False,7,SERVICE
Rake-23,2026-07-20,CLOSED,NONE,True,11000,50000,2025-09-11,2,120.0,880.0,ElectroBrake_v2,11000,100.0,0,55,12,False,0,False,7,STANDBY
Rake-24,2026-08-25,CLOSED,NONE,False,11200,50000,2025-09-10,1,0.0,0.0,HydroMech_v1,11200,100.0,0,56,14,False,800,False,7,MAINTENANCE
Rake-25,2026-01-30,CLOSED,NONE,False,11800,50000,2025-09-13,0,0.0,0.0,ElectroBrake_v2,11400,99.0,1,59,13,False,200,False,7,SERVICE
Rake-01,2026-10-20,CLOSED,NONE,False,11800,50000,2025-09-12,0,0.0,0.0,ElectroBrake_v2,11400,97.0,0,59,17,False,400,False,8,STANDBY
Rake-02,2025-10-12,CLOSED,NONE,False,11400,50000,2025-09-10,1,0.0,0.0,HydroMech_v1,10600,96.0,0,57,12,False,800,False,8,STANDBY
Rake-03,2026-01-15,CLOSED,NONE,False,11000,50000,2025-09-12,2,0.0,0.0,ElectroBrake_v2,10200,97.0,1,55,12,False,600,False,8,SERVICE
Rake-04,2025-11-05,CLOSED,NONE,True,11400,50000,2025-09-11,1,60.0,912.0,ElectroBrake_v2,10800,98.0,1,57,18,False,400,False,8,SERVICE
Rake-05,2026-09-30,CLOSED,NONE,True,11800,50000,2025-09-12,0,80.0,944.0,HydroMech_v1,11400,98.0,0,59,16,False,400,False,8,STANDBY
Rake-06,2026-03-18,CLOSED,NONE,False,11000,50000,2025-09-05,2,0.0,0.0,ElectroBrake_v2,10800,99.0,0,55,13,False,200,False,8,STANDBY
Rake-07,2025-10-13,CLOSED,NONE,False,11400,50000,2025-09-12,1,0.0,0.0,HydroMech_v1,11000,98.0,0,57,15,False,400,False,8,STANDBY
Rake-08,2026-05-22,CLOSED,NONE,False,11800,50000,2025-09-13,0,0.0,0.0,ElectroBrake_v2,11800,100.0,0,59,16,False,800,False,8,MAINTENANCE
Rake-09,2026-07-30,CLOSED,NONE,False,11000,50000,2025-09-11,2,0.0,0.0,HydroMech_v1,10600,98.0,0,55,14,False,400,False,8,STANDBY
Rake-10,2025-12-12,CLOSED,NONE,False,11200,50000,2025-09-13,1,0.0,0.0,ElectroBrake_v2,11200,100.0,0,56,13,False,0,False,8,STANDBY
Rake-11,2026-02-28,CLOSED,NONE,True,11400,50000,2025-09-12,1,100.0,912.0,ElectroBrake_v2,11200,98.0,0,57,13,False,200,False,8,STANDBY
Rake-12,2026-08-01,CLOSED,NONE,False,11800,50000,2025-09-04,0,0.0,0.0,HydroMech_v1,11600,99.0,0,59,18,False,200,False,8,STANDBY
Rake-13,2026-04-10,CLOSED,NONE,False,11000,50000,2025-09-13,2,0.0,0.0,ElectroBrake_v2,11000,100.0,0,55,14,False,0,False,8,STANDBY
Rake-14,2025-10-10,CLOSED,NONE,False,11400,50000,2025-09-12,1,0.0,0.0,HydroMech_v1,11000,99.0,1,57,13,False,200,False,8,SERVICE
Rake-15,2026-06-19,CLOSED,NONE,False,11800,50000,2025-09-10,0,0.0,0.0,ElectroBrake_v2,11400,98.0,0,59,13,False,400,False,8,STANDBY
Rake-16,2027-01-01,CLOSED,NONE,False,11000,50000,2025-09-13,2,0.0,0.0,ElectroBrake_v2,10400,98.0,1,55,16,False,400,False,8,SERVICE
Rake-17,2026-09-05,CLOSED,NONE,True,11400,50000,2025-09-11,1,40.0,912.0,HydroMech_v1,10800,96.0,0,57,14,False,600,False,8,STANDBY
Rake-18,2026-11-20,CLOSED,NONE,False,11800,50000,2025-09-13,0,0.0,0.0,ElectroBrake_v2,11400,98.0,0,59,13,False,400,False,8,STANDBY
Rake-19,2026-10-10,CLOSED,NONE,False,11400,50000,2025-09-06,1,0.0,0.0,HydroMech_v1,11000,99.0,1,57,18,False,200,False,8,SERVICE
Rake-20,2025-10-13,CLOSED,NONE,False,11000,50000,2025-09-12,2,0.0,0.0,ElectroBrake_v2,10800,99.0,0,55,13,False,200,False,8,STANDBY
Rake-21,2026-12-01,CLOSED,NONE,False,11400,50000,2025-09-13,1,0.0,0.0,ElectroBrake_v2,11000,99.0,1,57,14,False,200,False,8,SERVICE
Rake-22,2026-04-15,CLOSED,NONE,False,11800,50000,2025-09-12,0,0.0,0.0,HydroMech_v1,11600,98.0,0,59,14,False,200,False,8,STANDBY
Rake-23,2026-07-20,CLOSED,NONE,True,11000,50000,2025-09-11,2,120.0,880.0,ElectroBrake_v2,11000,100.0,0,55,12,False,0,False,8,STANDBY
Rake-24,2026-08-25,CLOSED,NONE,False,11200,50000,2025-09-10,1,0.0,0.0,HydroMech_v1,11200,100.0,0,56,14,False,0,False,8,STANDBY
Rake-25,2026-01-30,CLOSED,NONE,False,11800,50000,2025-09-13,0,0.0,0.0,ElectroBrake_v2,11400,97.0,0,59,13,False,400,False,8,STANDBY
Rake-01,2026-10-20,CLOSED,NONE,False,11800,50000,2025-09-12,0,0.0,0.0,ElectroBrake_v2,11400,98.0,0,59,17,False,400,False,9,STANDBY
Rake-02,2025-10-12,CLOSED,NONE,False,11400,50000,2025-09-10,1,0.0,0.0,HydroMech_v1,10600,96.0,0,57,12,False,800,False,9,STANDBY
Rake-03,2026-01-15,CLOSED,NONE,False,11000,50000,2025-09-12,2,0.0,0.0,ElectroBrake_v2,11000,100.0,0,55,13,False,800,False,9,MAINTENANCE
Rake-04,2025-11-05,CLOSED,NONE,True,11400,50000,2025-09-11,1,60.0,912.0,ElectroBrake_v2,11400,100.0,0,57,19,False,600,False,9,MAINTENANCE
Rake-05,2026-09-30,CLOSED,NONE,True,11800,50000,2025-09-12,0,80.0,944.0,HydroMech_v1,11400,98.0,0,59,16,False,400,False,9,STANDBY
Rake-06,2026-03-18,CLOSED,NONE,False,11000,50000,2025-09-05,2,0.0,0.0,ElectroBrake_v2,10800,99.0,0,55,13,False,200,False,9,STANDBY
Rake-07,2025-10-13,CLOSED,NONE,False,11400,50000,2025-09-12,1,0.0,0.0,HydroMech_v1,11000,98.0,0,57,15,False,400,False,9,STANDBY
Rake-08,2026-05-22,CLOSED,NONE,False,11800,50000,2025-09-13,0,0.0,0.0,ElectroBrake_v2,11800,100.0,0,59,16,False,0,False,9,STANDBY
Rake-09,2026-07-30,CLOSED,NONE,False,11200,50000,2025-09-11,2,0.0,0.0,HydroMech_v1,10600,98.0,1,56,14,False,400,False,9,SERVICE
Rake-10,2025-12-12,CLOSED,NONE,False,11400,50000,2025-09-13,1,0.0,0.0,ElectroBrake_v2,11200,100.0,1,57,13,False,0,False,9,SERVICE
Rake-11,2026-02-28,CLOSED,NONE,True,11400,50000,2025-09-12,1,100.0,912.0,ElectroBrake_v2,11200,99.0,0,57,13,False,200,False,9,STANDBY
Rake-12,2026-08-01,CLOSED,NONE,False,11800,50000,2025-09-04,0,0.0,0.0,HydroMech_v1,11600,99.0,0,59,18,False,200,False,9,STANDBY
Rake-13,2026-04-10,CLOSED,NONE,False,11200,50000,2025-09-13,2,0.0,0.0,ElectroBrake_v2,11000,100.0,1,56,14,False,0,False,9,SERVICE
Rake-14,2025-10-10,CLOSED,NONE,False,11400,50000,2025-09-12,1,0.0,0.0,HydroMech_v1,11000,97.0,0,57,13,False,400,False,9,STANDBY
Rake-15,2026-06-19,CLOSED,NONE,False,11800,50000,2025-09-10,0,0.0,0.0,ElectroBrake_v2,11400,98.0,0,59,13,False,400,False,9,STANDBY
Rake-16,2027-01-01,CLOSED,NONE,False,11000,50000,2025-09-13,2,0.0,0.0,ElectroBrake_v2,10400,96.0,0,55,16,False,600,False,9,STANDBY
Rake-17,2026-09-05,CLOSED,NONE,True,11400,50000,2025-09-11,1,40.0,912.0,HydroMech_v1,10800,97.0,0,57,14,False,600,False,9,STANDBY
Rake-18,2026-11-20,CLOSED,NONE,False,11800,50000,2025-09-13,0,0.0,0.0,ElectroBrake_v2,11400,98.0,0,59,13,False,400,False,9,STANDBY
Rake-19,2026-10-10,CLOSED,NONE,False,11400,50000,2025-09-06,1,0.0,0.0,HydroMech_v1,11000,97.0,0,57,18,False,400,False,9,STANDBY
Rake-20,2025-10-13,CLOSED,NONE,False,11200,50000,2025-09-12,2,0.0,0.0,ElectroBrake_v2,10800,99.0,1,56,13,False,200,False,9,SERVICE
Rake-21,2026-12-01,CLOSED,NONE,False,11400,50000,2025-09-13,1,0.0,0.0,ElectroBrake_v2,11000,97.0,0,57,14,False,400,False,9,STANDBY
Rake-22,2026-04-15,CLOSED,NONE,False,11800,50000,2025-09-12,0,0.0,0.0,HydroMech_v1,11600,99.0,0,59,14,False,200,False,9,STANDBY
Rake-23,2026-07-20,CLOSED,NONE,True,11200,50000,2025-09-11,2,120.0,896.0,ElectroBrake_v2,11000,100.0,1,56,12,False,0,False,9,SERVICE
Rake-24,2026-08-25,CLOSED,NONE,False,11400,50000,2025-09-10,1,0.0,0.0,HydroMech_v1,11200,100.0,1,57,14,False,0,False,9,SERVICE
Rake-25,2026-01-30,CLOSED,NONE,False,11800,50000,2025-09-13,0,0.0,0.0,ElectroBrake_v2,11400,98.0,0,59,13,False,400,False,9,STANDBY
Rake-01,2026-10-20,CLOSED,NONE,False,11800,50000,2025-09-12,0,0.0,0.0,ElectroBrake_v2,11400,98.0,0,59,17,False,400,False,10,STANDBY
Rake-02,2025-10-12,CLOSED,NONE,False,11400,50000,2025-09-10,1,0.0,0.0,HydroMech_v1,10600,96.0,0,57,12,False,800,False,10,STANDBY
Rake-03,2026-01-15,CLOSED,NONE,False,11200,50000,2025-09-12,2,0.0,0.0,ElectroBrake_v2,11000,100.0,1,56,13,False,0,False,10,SERVICE
Rake-04,2025-11-05,CLOSED,NONE,True,11600,50000,2025-09-11,1,60.0,928.0,ElectroBrake_v2,11400,100.0,1,58,19,False,0,False,10,SERVICE
Rake-05,2026-09-30,CLOSED,NONE,True,11800,50000,2025-09-12,0,80.0,944.0,HydroMech_v1,11400,98.0,0,59,16,False,400,False,10,STANDBY
Rake-06,2026-03-18,CLOSED,NONE,False,11200,50000,2025-09-05,2,0.0,0.0,ElectroBrake_v2,10800,99.0,1,56,13,False,200,False,10,SERVICE
Rake-07,2025-10-13,CLOSED,NONE,False,11400,50000,2025-09-12,1,0.0,0.0,HydroMech_v1,11000,98.0,0,57,15,False,400,False,10,STANDBY
Rake-08,2026-05-22,CLOSED,NONE,False,11800,50000,2025-09-13,0,0.0,0.0,ElectroBrake_v2,11800,100.0,0,59,17,False,0,False,10,MAINTENANCE
Rake-09,2026-07-30,CLOSED,NONE,False,11200,50000,2025-09-11,2,0.0,0.0,HydroMech_v1,11200,100.0,0,56,15,False,600,False,10,MAINTENANCE
Rake-10,2025-12-12,CLOSED,NONE,False,11400,50000,2025-09-13,1,0.0,0.0,ElectroBrake_v2,11200,98.0,0,57,13,False,200,False,10,STANDBY
Rake-11,2026-02-28,CLOSED,NONE,True,11600,50000,2025-09-12,1,100.0,928.0,ElectroBrake_v2,11200,99.0,1,58,13,False,200,False,10,SERVICE
Rake-12,2026-08-01,CLOSED,NONE,False,11800,50000,2025-09-04,0,0.0,0.0,HydroMech_v1,11600,99.0,0,59,18,False,200,False,10,STANDBY
Rake-13,2026-04-10,CLOSED,NONE,False,11200,50000,2025-09-13,2,0.0,0.0,ElectroBrake_v2,11000,98.0,0,56,14,False,200,False,10,STANDBY
Rake-14,2025-10-10,CLOSED,NONE,False,11400,50000,2025-09-12,1,0.0,0.0,HydroMech_v1,11000,98.0,0,57,13,False,400,False,10,STANDBY
Rake-15,2026-06-19,CLOSED,NONE,False,11800,50000,2025-09-10,0,0.0,0.0,ElectroBrake_v2,11400,98.0,0,59,13,False,400,False,10,STANDBY
Rake-16,2027-01-01,CLOSED,NONE,False,11200,50000,2025-09-13,2,0.0,0.0,ElectroBrake_v2,10400,97.0,1,56,16,False,600,False,10,SERVICE
Rake-17,2026-09-05,CLOSED,NONE,True,11600,50000,2025-09-11,1,40.0,928.0,HydroMech_v1,10800,97.0,1,58,14,False,600,False,10,SERVICE
Rake-18,2026-11-20,CLOSED,NONE,False,11800,50000,2025-09-13,0,0.0,0.0,ElectroBrake_v2,11400,98.0,0,59,13,False,400,False,10,STANDBY
Rake-19,2026-10-10,CLOSED,NONE,False,11400,50000,2025-09-06,1,0.0,0.0,HydroMech_v1,11000,98.0,0,57,18,False,400,False,10,STANDBY
Rake-20,2025-10-13,CLOSED,NONE,False,11200,50000,2025-09-12,2,0.0,0.0,ElectroBrake_v2,10800,97.0,0,56,13,False,400,False,10,STANDBY
Rake-21,2026-12-01,CLOSED,NONE,False,11400,50000,2025-09-13,1,0.0,0.0,ElectroBrake_v2,11000,98.0,0,57,14,False,400,False,10,STANDBY
Rake-22,2026-04-15,CLOSED,NONE,False,11800,50000,2025-09-12,0,0.0,0.0,HydroMech_v1,11600,99.0,0,59,14,False,200,False,10,STANDBY
Rake-23,2026-07-20,CLOSED,NONE,True,11200,50000,2025-09-11,2,120.0,896.0,ElectroBrake_v2,11000,98.0,0,56,12,False,200,False,10,STANDBY
Rake-24,2026-08-25,CLOSED,NONE,False,11400,50000,2025-09-10,1,0.0,0.0,HydroMech_v1,11200,98.0,0,57,14,False,200,False,10,STANDBY
Rake-25,2026-01-30,CLOSED,NONE,False,11800,50000,2025-09-13,0,0.0,0.0,ElectroBrake_v2,11400,98.0,0,59,13,False,400,False,10,STANDBY
Rake-01,2026-10-20,CLOSED,NONE,False,11800,50000,2025-09-12,0,0.0,0.0,ElectroBrake_v2,11400,98.0,0,59,17,False,400,False,11,STANDBY
Rake-02,2025-10-12,CLOSED,NONE,False,11600,50000,2025-09-10,1,0.0,0.0,HydroMech_v1,10600,96.0,1,58,12,False,800,False,11,SERVICE
Rake-03,2026-01-15,CLOSED,NONE,False,11200,50000,2025-09-12,2,0.0,0.0,ElectroBrake_v2,11000,98.0,0,56,13,False,200,False,11,STANDBY
Rake-04,2025-11-05,CLOSED,NONE,True,11600,50000,2025-09-11,1,60.0,928.0,ElectroBrake_v2,11400,98.0,0,58,19,False,200,False,11,STANDBY
Rake-05,2026-09-30,CLOSED,NONE,True,11800,50000,2025-09-12,0,80.0,944.0,HydroMech_v1,11400,98.0,0,59,16,False,400,False,11,STANDBY
Rake-06,2026-03-18,CLOSED,NONE,False,11200,50000,2025-09-05,2,0.0,0.0,ElectroBrake_v2,10800,97.0,0,56,13,False,400,False,11,STANDBY
Rake-07,2025-10-13,CLOSED,NONE,False,11400,50000,2025-09-12,1,0.0,0.0,HydroMech_v1,11000,98.0,0,57,15,False,400,False,11,STANDBY
Rake-08,2026-05-22,CLOSED,NONE,False,11800,50000,2025-09-13,0,0.0,0.0,ElectroBrake_v2,11800,100.0,0,59,17,False,0,False,11,STANDBY
Rake-09,2026-07-30,CLOSED,NONE,False,11200,50000,2025-09-11,2,0.0,0.0,HydroMech_v1,11200,100.0,0,56,15,False,0,False,11,STANDBY
Rake-10,2025-12-12,CLOSED,NONE,False,11600,50000,2025-09-13,1,0.0,0.0,ElectroBrake_v2,11200,99.0,1,58,13,False,200,False,11,SERVICE
Rake-11,2026-02-28,CLOSED,NONE,True,11600,50000,2025-09-12,1,100.0,928.0,ElectroBrake_v2,11200,97.0,0,58,13,False,400,False,11,STANDBY
Rake-12,2026-08-01,CLOSED,NONE,False,11800,50000,2025-09-04,0,0.0,0.0,HydroMech_v1,11600,99.0,0,59,18,False,200,False,11,STANDBY
Rake-13,2026-04-10,CLOSED,NONE,False,11200,50000,2025-09-13,2,0.0,0.0,ElectroBrake_v2,11000,99.0,0,56,14,False,200,False,11,STANDBY
Rake-14,2025-10-10,CLOSED,NONE,False,11600,50000,2025-09-12,1,0.0,0.0,HydroMech_v1,11000,98.0,1,58,13,False,400,False,11,SERVICE
Rake-15,2026-06-19,CLOSED,NONE,False,11800,50000,2025-09-10,0,0.0,0.0,ElectroBrake_v2,11400,98.0,0,59,13,False,400,False,11,STANDBY
Rake-16,2027-01-01,CLOSED,NONE,False,11200,50000,2025-09-13,2,0.0,0.0,ElectroBrake_v2,11200,100.0,0,56,17,False,800,False,11,MAINTENANCE
Rake-17,2026-09-05,CLOSED,NONE,True,11600,50000,2025-09-11,1,40.0,928.0,HydroMech_v1,11600,100.0,0,58,15,False,800,False,11,MAINTENANCE
Rake-18,2026-11-20,CLOSED,NONE,False,11800,50000,2025-09-13,0,0.0,0.0,ElectroBrake_v2,11400,98.0,0,59,13,False,400,False,11,STANDBY
Rake-19,2026-10-10,CLOSED,NONE,False,11600,50000,2025-09-06,1,0.0,0.0,HydroMech_v1,11000,98.0,1,58,18,False,400,False,11,SERVICE
Rake-20,2025-10-13,CLOSED,NONE,False,11200,50000,2025-09-12,2,0.0,0.0,ElectroBrake_v2,10800,98.0,0,56,13,False,400,False,11,STANDBY
Rake-21,2026-12-01,CLOSED,NONE,False,11600,50000,2025-09-13,1,0.0,0.0,ElectroBrake_v2,11000,98.0,1,58,14,False,400,False,11,SERVICE
Rake-22,2026-04-15,CLOSED,NONE,False,11800,50000,2025-09-12,0,0.0,0.0,HydroMech_v1,11600,99.0,0,59,14,False,200,False,11,STANDBY
Rake-23,2026-07-20,CLOSED,NONE,True,11200,50000,2025-09-11,2,120.0,896.0,ElectroBrake_v2,11000,99.0,0,56,12,False,200,False,11,STANDBY
Rake-24,2026-08-25,CLOSED,NONE,False,11600,50000,2025-09-10,1,0.0,0.0,HydroMech_v1,11200,99.0,1,58,14,False,200,False,11,SERVICE
Rake-25,2026-01-30,CLOSED,NONE,False,11800,50000,2025-09-13,0,0.0,0.0,ElectroBrake_v2,11400,98.0,0,59,13,False,400,False,11,STANDBY
Rake-01,2026-10-20,CLOSED,NONE,False,11800,50000,2025-09-12,0,0.0,0.0,ElectroBrake_v2,11400,98.0,0,59,17,False,400,False,12,STANDBY
Rake-02,2025-10-12,CLOSED,NONE,False,11600,50000,2025-09-10,1,0.0,0.0,HydroMech_v1,11600,100.0,0,58,13,False,1000,False,12,MAINTENANCE
Rake-03,2026-01-15,CLOSED,NONE,False,11200,50000,2025-09-12,2,0.0,0.0,ElectroBrake_v2,11000,99.0,0,56,13,False,200,False,12,STANDBY
Rake-04,2025-11-05,CLOSED,NONE,True,11600,50000,2025-09-11,1,60.0,928.0,ElectroBrake_v2,11400,99.0,0,58,19,False,200,False,12,STANDBY
Rake-05,2026-09-30,CLOSED,NONE,True,11800,50000,2025-09-12,0,80.0,944.0,HydroMech_v1,11400,98.0,0,59,16,False,400,False,12,STANDBY
Rake-06,2026-03-18,CLOSED,NONE,False,11400,50000,2025-09-05,2,0.0,0.0,ElectroBrake_v2,10800,98.0,1,57,13,False,400,False,12,SERVICE
Rake-07,2025-10-13,CLOSED,NONE,False,11600,50000,2025-09-12,1,0.0,0.0,HydroMech_v1,11000,98.0,1,58,15,False,400,False,12,SERVICE
Rake-08,2026-05-22,CLOSED,NONE,False,11800,50000,2025-09-13,0,0.0,0.0,ElectroBrake_v2,11800,100.0,0,59,17,False,0,False,12,STANDBY
Rake-09,2026-07-30,CLOSED,NONE,False,11400,50000,2025-09-11,2,0.0,0.0,HydroMech_v1,11200,100.0,1,57,15,False,0,False,12,SERVICE
Rake-10,2025-12-12,CLOSED,NONE,False,11600,50000,2025-09-13,1,0.0,0.0,ElectroBrake_v2,11200,97.0,0,58,13,False,400,False,12,STANDBY
Rake-11,2026-02-28,CLOSED,NONE,True,11600,50000,2025-09-12,1,100.0,928.0,ElectroBrake_v2,11200,98.0,0,58,13,False,400,False,12,STANDBY
Rake-12,2026-08-01,CLOSED,NONE,False,11800,50000,2025-09-04,0,0.0,0.0,HydroMech_v1,11600,99.0,0,59,18,False,200,False,12,STANDBY
Rake-13,2026-04-10,CLOSED,NONE,False,11400,50000,2025-09-13,2,0.0,0.0,ElectroBrake_v2,11000,99.0,1,57,14,False,200,False,12,SERVICE
Rake-14,2025-10-10,CLOSED,NONE,False,11600,50000,2025-09-12,1,0.0,0.0,HydroMech_v1,11000,96.0,0,58,13,False,600,False,12,STANDBY
Rake-15,2026-06-19,CLOSED,NONE,False,11800,50000,2025-09-10,0,0.0,0.0,ElectroBrake_v2,11400,98.0,0,59,13,False,400,False,12,STANDBY
Rake-16,2027-01-01,CLOSED,NONE,False,11400,50000,2025-09-13,2,0.0,0.0,ElectroBrake_v2,11200,100.0,1,57,17,False,0,False,12,SERVICE
Rake-17,2026-09-05,CLOSED,NONE,True,11600,50000,2025-09-11,1,40.0,928.0,HydroMech_v1,11600,100.0,0,58,15,False,0,False,12,STANDBY
Rake-18,2026-11-20,CLOSED,NONE,False,11800,50000,2025-09-13,0,0.0,0.0,ElectroBrake_v2,11400,98.0,0,59,13,False,400,False,12,STANDBY
Rake-19,2026-10-10,CLOSED,NONE,False,11600,50000,2025-09-06,1,0.0,0.0,HydroMech_v1,11600,100.0,0,58,19,False,600,False,12,MAINTENANCE
Rake-20,2025-10-13,CLOSED,NONE,False,11400,50000,2025-09-12,2,0.0,0.0,ElectroBrake_v2,10800,98.0,1,57,13,False,400,False,12,SERVICE
Rake-21,2026-12-01,CLOSED,NONE,False,11600,50000,2025-09-13,1,0.0,0.0,ElectroBrake_v2,11000,96.0,0,58,14,False,600,False,12,STANDBY
Rake-22,2026-04-15,CLOSED,NONE,False,11800,50000,2025-09-12,0,0.0,0.0,HydroMech_v1,11600,99.0,0,59,14,False,200,False,12,STANDBY
Rake-23,2026-07-20,CLOSED,NONE,True,11200,50000,2025-09-11,2,120.0,896.0,ElectroBrake_v2,11000,99.0,0,56,12,False,200,False,12,STANDBY
Rake-24,2026-08-25,CLOSED,NONE,False,11600,50000,2025-09-10,1,0.0,0.0,HydroMech_v1,11200,97.0,0,58,14,False,400,False,12,STANDBY
Rake-25,2026-01-30,CLOSED,NONE,False,11800,50000,2025-09-13,0,0.0,0.0,ElectroBrake_v2,11400,98.0,0,59,13,False,400,False,12,STANDBY
Rake-01,2026-10-20,CLOSED,NONE,False,11800,50000,2025-09-12,0,0.0,0.0,ElectroBrake_v2,11400,98.0,0,59,17,False,400,False,13,STANDBY
Rake-02,2025-10-12,CLOSED,NONE,False,11600,50000,2025-09-10,1,0.0,0.0,HydroMech_v1,11600,100.0,0,58,13,False,0,False,13,STANDBY
Rake-03,2026-01-15,CLOSED,NONE,False,11400,50000,2025-09-12,2,0.0,0.0,ElectroBrake_v2,11000,99.0,1,57,13,False,200,False,13,SERVICE
Rake-04,2025-11-05,CLOSED,NONE,True,11600,50000,2025-09-11,1,60.0,928.0,ElectroBrake_v2,11400,99.0,0,58,19,False,200,False,13,STANDBY
Rake-05,2026-09-30,CLOSED,NONE,True,11800,50000,2025-09-12,0,80.0,944.0,HydroMech_v1,11400,98.0,0,59,16,False,400,False,13,STANDBY
Rake-06,2026-03-18,CLOSED,NONE,False,11400,50000,2025-09-05,2,0.0,0.0,ElectroBrake_v2,10800,96.0,0,57,13,False,600,False,13,STANDBY
Rake-07,2025-10-13,CLOSED,NONE,False,11600,50000,2025-09-12,1,0.0,0.0,HydroMech_v1,11600,100.0,0,58,16,False,600,False,13,MAINTENANCE
Rake-08,2026-05-22,CLOSED,NONE,False,12000,50000,2025-09-13,0,0.0,0.0,ElectroBrake_v2,11800,100.0,1,60,17,False,0,False,13,SERVICE
Rake-09,2026-07-30,CLOSED,NONE,False,11400,50000,2025-09-11,2,0.0,0.0,HydroMech_v1,11200,98.0,0,57,15,False,200,False,13,STANDBY
Rake-10,2025-12-12,CLOSED,NONE,False,11600,50000,2025-09-13,1,0.0,0.0,ElectroBrake_v2,11200,98.0,0,58,13,False,400,False,13,STANDBY
Rake-11,2026-02-28,CLOSED,NONE,True,11600,50000,2025-09-12,1,100.0,928.0,ElectroBrake_v2,11200,98.0,0,58,13,False,400,False,13,STANDBY
Rake-12,2026-08-01,CLOSED,NONE,False,11800,50000,2025-09-04,0,0.0,0.0,HydroMech_v1,11600,99.0,0,59,18,False,200,False,13,STANDBY
Rake-13,2026-04-10,CLOSED,NONE,False,11400,50000,2025-09-13,2,0.0,0.0,ElectroBrake_v2,11000,97.0,0,57,14,False,400,False,13,STANDBY
Rake-14,2025-10-10,CLOSED,NONE,False,11600,50000,2025-09-12,1,0.0,0.0,HydroMech_v1,11000,97.0,0,58,13,False,600,False,13,STANDBY
Rake-15,2026-06-19,CLOSED,NONE,False,12000,50000,2025-09-10,0,0.0,0.0,ElectroBrake_v2,11400,98.0,1,60,13,False,400,False,13,SERVICE
Rake-16,2027-01-01,CLOSED,NONE,False,11400,50000,2025-09-13,2,0.0,0.0,ElectroBrake_v2,11200,98.0,0,57,17,False,200,False,13,STANDBY
Rake-17,2026-09-05,CLOSED,NONE,True,11600,50000,2025-09-11,1,40.0,928.0,HydroMech_v1,11600,100.0,0,58,15,False,0,False,13,STANDBY
Rake-18,2026-11-20,CLOSED,NONE,False,12000,50000,2025-09-13,0,0.0,0.0,ElectroBrake_v2,11400,98.0,1,60,13,False,400,False,13,SERVICE
Rake-19,2026-10-10,CLOSED,NONE,False,11600,50000,2025-09-06,1,0.0,0.0,HydroMech_v1,11600,100.0,0,58,19,False,0,False,13,STANDBY
Rake-20,2025-10-13,CLOSED,NONE,False,11400,50000,2025-09-12,2,0.0,0.0,ElectroBrake_v2,11400,100.0,0,57,14,False,600,False,13,MAINTENANCE
Rake-21,2026-12-01,CLOSED,NONE,False,11600,50000,2025-09-13,1,0.0,0.0,ElectroBrake_v2,11000,97.0,0,58,14,False,600,False,13,STANDBY
Rake-22,2026-04-15,CLOSED,NONE,False,11800,50000,2025-09-12,0,0.0,0.0,HydroMech_v1,11600,99.0,0,59,14,False,200,False,13,STANDBY
Rake-23,2026-07-20,CLOSED,NONE,True,11400,50000,2025-09-11,2,120.0,912.0,ElectroBrake_v2,11000,99.0,1,57,12,False,200,False,13,SERVICE
Rake-24,2026-08-25,CLOSED,NONE,False,11600,50000,2025-09-10,1,0.0,0.0,HydroMech_v1,11200,98.0,0,58,14,False,400,False,13,STANDBY
Rake-25,2026-01-30,CLOSED,NONE,False,12000,50000,2025-09-13,0,0.0,0.0,ElectroBrake_v2,11400,98.0,1,60,13,False,400,False,13,SERVICE
Rake-01,2026-10-20,CLOSED,NONE,False,12000,50000,2025-09-12,0,0.0,0.0,ElectroBrake_v2,11400,98.0,1,60,17,False,400,False,14,SERVICE
Rake-02,2025-10-12,CLOSED,NONE,False,11600,50000,2025-09-10,1,0.0,0.0,HydroMech_v1,11600,100.0,0,58,13,False,0,False,14,STANDBY
Rake-03,2026-01-15,CLOSED,NONE,False,11400,50000,2025-09-12,2,0.0,0.0,ElectroBrake_v2,11000,97.0,0,57,13,False,400,False,14,STANDBY
Rake-04,2025-11-05,CLOSED,NONE,True,11800,50000,2025-09-11,1,60.0,944.0,ElectroBrake_v2,11400,99.0,1,59,19,False,200,False,14,SERVICE
Rake-05,2026-09-30,CLOSED,NONE,True,11800,50000,2025-09-12,0,80.0,944.0,HydroMech_v1,11400,98.0,0,59,16,False,400,False,14,STANDBY
Rake-06,2026-03-18,CLOSED,NONE,False,11400,50000,2025-09-05,2,0.0,0.0,ElectroBrake_v2,10800,97.0,0,57,13,False,600,False,14,STANDBY
Rake-07,2025-10-13,CLOSED,NONE,False,11600,50000,2025-09-12,1,0.0,0.0,HydroMech_v1,11600,100.0,0,58,16,False,0,False,14,STANDBY
Rake-08,2026-05-22,CLOSED,NONE,False,12000,50000,2025-09-13,0,0.0,0.0,ElectroBrake_v2,11800,98.0,0,60,17,False,200,False,14,STANDBY
Rake-09,2026-07-30,CLOSED,NONE,False,11400,50000,2025-09-11,2,0.0,0.0,HydroMech_v1,11200,99.0,0,57,15,False,200,False,14,STANDBY
Rake-10,2025-12-12,CLOSED,NONE,False,11800,50000,2025-09-13,1,0.0,0.0,ElectroBrake_v2,11200,98.0,1,59,13,False,400,False,14,SERVICE
Rake-11,2026-02-28,CLOSED,NONE,True,11800,50000,2025-09-12,1,100.0,944.0,ElectroBrake_v2,11200,98.0,1,59,13,False,400,False,14,SERVICE
Rake-12,2026-08-01,CLOSED,NONE,False,11800,50000,2025-09-04,0,0.0,0.0,HydroMech_v1,11600,99.0,0,59,18,False,200,False,14,STANDBY
Rake-13,2026-04-10,CLOSED,NONE,False,11600,50000,2025-09-13,2,0.0,0.0,ElectroBrake_v2,11000,98.0,1,58,14,False,400,False,14,SERVICE
Rake-14,2025-10-10,CLOSED,NONE,False,11600,50000,2025-09-12,1,0.0,0.0,HydroMech_v1,11000,97.0,0,58,13,False,600,False,14,STANDBY
Rake-15,2026-06-19,CLOSED,NONE,False,12000,50000,2025-09-10,0,0.0,0.0,ElectroBrake_v2,11400,96.0,0,60,13,False,600,False,14,STANDBY
Rake-16,2027-01-01,CLOSED,NONE,False,11400,50000,2025-09-13,2,0.0,0.0,ElectroBrake_v2,11200,99.0,0,57,17,False,200,False,14,STANDBY
Rake-17,2026-09-05,CLOSED,NONE,True,11600,50000,2025-09-11,1,40.0,928.0,HydroMech_v1,11600,100.0,0,58,15,False,0,False,14,STANDBY
Rake-18,2026-11-20,CLOSED,NONE,False,12000,50000,2025-09-13,0,0.0,0.0,ElectroBrake_v2,12000,100.0,0,60,14,False,600,False,14,MAINTENANCE
Rake-19,2026-10-10,CLOSED,NONE,False,11600,50000,2025-09-06,1,0.0,0.0,HydroMech_v1,11600,100.0,0,58,19,False,0,False,14,STANDBY
Rake-20,2025-10-13,CLOSED,NONE,False,11400,50000,2025-09-12,2,0.0,0.0,ElectroBrake_v2,11400,100.0,0,57,14,False,0,False,14,STANDBY
Rake-21,2026-12-01,CLOSED,NONE,False,11800,50000,2025-09-13,1,0.0,0.0,ElectroBrake_v2,11000,97.0,1,59,14,False,600,False,14,SERVICE
Rake-22,2026-04-15,CLOSED,NONE,False,11800,50000,2025-09-12,0,0.0,0.0,HydroMech_v1,11600,99.0,0,59,14,False,200,False,14,STANDBY
Rake-23,2026-07-20,CLOSED,NONE,True,11400,50000,2025-09-11,2,120.0,912.0,ElectroBrake_v2,11000,97.0,0,57,12,False,400,False,14,STANDBY
Rake-24,2026-08-25,CLOSED,NONE,False,11600,50000,2025-09-10,1,0.0,0.0,HydroMech_v1,11200,98.0,0,58,14,False,400,False,14,STANDBY
Rake-25,2026-01-30,CLOSED,NONE,False,12000,50000,2025-09-13,0,0.0,0.0,ElectroBrake_v2,12000,100.0,0,60,14,False,600,False,14,MAINTENANCE
Rake-01,2026-10-20,CLOSED,NONE,False,12000,50000,2025-09-12,0,0.0,0.0,ElectroBrake_v2,11400,96.0,0,60,17,False,600,False,15,STANDBY
Rake-02,2025-10-12,CLOSED,NONE,False,11600,50000,2025-09-10,1,0.0,0.0,HydroMech_v1,11600,100.0,0,58,13,False,0,False,15,STANDBY
Rake-03,2026-01-15,CLOSED,NONE,False,11400,50000,2025-09-12,2,0.0,0.0,ElectroBrake_v2,11000,98.0,0,57,13,False,400,False,15,STANDBY
Rake-04,2025-11-05,CLOSED,NONE,True,11800,50000,2025-09-11,1,60.0,944.0,ElectroBrake_v2,11400,97.0,0,59,19,False,400,False,15,STANDBY
Rake-05,2026-09-30,CLOSED,NONE,True,12000,50000,2025-09-12,0,80.0,960.0,HydroMech_v1,11400,98.0,1,60,16,False,400,False,15,SERVICE
Rake-06,2026-03-18,CLOSED,NONE,False,11600,50000,2025-09-05,2,0.0,0.0,ElectroBrake_v2,10800,97.0,1,58,13,False,600,False,15,SERVICE
Rake-07,2025-10-13,CLOSED,NONE,False,11800,50000,2025-09-12,1,0.0,0.0,HydroMech_v1,11600,100.0,1,59,16,False,0,False,15,SERVICE
Rake-08,2026-05-22,CLOSED,NONE,False,12000,50000,2025-09-13,0,0.0,0.0,ElectroBrake_v2,11800,99.0,0,60,17,False,200,False,15,STANDBY
Rake-09,2026-07-30,CLOSED,NONE,False,11600,50000,2025-09-11,2,0.0,0.0,HydroMech_v1,11200,99.0,1,58,15,False,200,False,15,SERVICE
Rake-10,2025-12-12,CLOSED,NONE,False,11800,50000,2025-09-13,1,0.0,0.0,ElectroBrake_v2,11200,96.0,0,59,13,False,600,False,15,STANDBY
Rake-11,2026-02-28,CLOSED,NONE,True,11800,50000,2025-09-12,1,100.0,944.0,ElectroBrake_v2,11200,96.0,0,59,13,False,600,False,15,STANDBY
Rake-12,2026-08-01,CLOSED,NONE,False,11800,50000,2025-09-04,0,0.0,0.0,HydroMech_v1,11600,99.0,0,59,18,False,200,False,15,STANDBY
Rake-13,2026-04-10,CLOSED,NONE,False,11600,50000,2025-09-13,2,0.0,0.0,ElectroBrake_v2,11000,96.0,0,58,14,False,600,False,15,STANDBY
Rake-14,2025-10-10,CLOSED,NONE,False,11600,50000,2025-09-12,1,0.0,0.0,HydroMech_v1,11000,97.0,0,58,13,False,600,False,15,STANDBY
Rake-15,2026-06-19,CLOSED,NONE,False,12000,50000,2025-09-10,0,0.0,0.0,ElectroBrake_v2,11400,97.0,0,60,13,False,600,False,15,STANDBY
Rake-16,2027-01-01,CLOSED,NONE,False,11400,50000,2025-09-13,2,0.0,0.0,ElectroBrake_v2,11200,99.0,0,57,17,False,200,False,15,STANDBY
Rake-17,2026-09-05,CLOSED,NONE,True,11600,50000,2025-09-11,1,40.0,928.0,HydroMech_v1,11600,100.0,0,58,15,False,0,False,15,STANDBY
Rake-18,2026-11-20,CLOSED,NONE,False,12000,50000,2025-09-13,0,0.0,0.0,ElectroBrake_v2,12000,100.0,0,60,14,False,0,False,15,STANDBY
Rake-19,2026-10-10,CLOSED,NONE,False,11600,50000,2025-09-06,1,0.0,0.0,HydroMech_v1,11600,100.0,0,58,20,False,0,True,15,MAINTENANCE
Rake-20,2025-10-13,CLOSED,NONE,False,11600,50000,2025-09-12,2,0.0,0.0,ElectroBrake_v2,11400,100.0,1,58,14,False,0,False,15,SERVICE
Rake-21,2026-12-01,CLOSED,NONE,False,11800,50000,2025-09-13,1,0.0,0.0,ElectroBrake_v2,11800,100.0,0,59,15,False,800,False,15,MAINTENANCE
Rake-22,2026-04-15,CLOSED,NONE,False,12000,50000,2025-09-12,0,0.0,0.0,HydroMech_v1,11600,99.0,1,60,14,False,200,False,15,SERVICE
Rake-23,2026-07-20,CLOSED,NONE,True,11400,50000,2025-09-11,2,120.0,912.0,ElectroBrake_v2,11000,98.0,0,57,12,False,400,False,15,STANDBY
Rake-24,2026-08-25,CLOSED,NONE,False,11600,50000,2025-09-10,1,0.0,0.0,HydroMech_v1,11200,98.0,0,58,14,False,400,False,15,STANDBY
Rake-25,2026-01-30,CLOSED,NONE,False,12000,50000,2025-09-13,0,0.0,0.0,ElectroBrake_v2,12000,100.0,0,60,14,False,0,False,15,STANDBY
Rake-01,2026-10-20,CLOSED,NONE,False,12000,50000,2025-09-12,0,0.0,0.0,ElectroBrake_v2,11400,97.0,0,60,17,False,600,False,16,STANDBY
Rake-02,2025-10-12,CLOSED,NONE,False,11800,50000,2025-09-10,1,0.0,0.0,HydroMech_v1,11600,100.0,1,59,13,False,0,False,16,SERVICE
Rake-03,2026-01-15,CLOSED,NONE,False,11600,50000,2025-09-12,2,0.0,0.0,ElectroBrake_v2,11000,98.0,1,58,13,False,400,False,16,SERVICE
Rake-04,2025-11-05,CLOSED,NONE,True,11800,50000,2025-09-11,1,60.0,944.0,ElectroBrake_v2,11400,98.0,0,59,19,False,400,False,16,STANDBY
Rake-05,2026-09-30,CLOSED,NONE,True,12000,50000,2025-09-12,0,80.0,960.0,HydroMech_v1,12000,100.0,0,60,17,False,600,False,16,MAINTENANCE
Rake-06,2026-03-18,CLOSED,NONE,False,11600,50000,2025-09-05,2,0.0,0.0,ElectroBrake_v2,11600,100.0,0,58,14,False,800,False,16,MAINTENANCE
Rake-07,2025-10-13,CLOSED,NONE,False,11800,50000,2025-09-12,1,0.0,0.0,HydroMech_v1,11600,98.0,0,59,16,False,200,False,16,STANDBY
Rake-08,2026-05-22,CLOSED,NONE,False,12000,50000,2025-09-13,0,0.0,0.0,ElectroBrake_v2,11800,99.0,0,60,17,False,200,False,16,STANDBY
Rake-09,2026-07-30,CLOSED,NONE,False,11600,50000,2025-09-11,2,0.0,0.0,HydroMech_v1,11200,97.0,0,58,15,False,400,False,16,STANDBY
Rake-10,2025-12-12,CLOSED,NONE,False,11800,50000,2025-09-13,1,0.0,0.0,ElectroBrake_v2,11200,97.0,0,59,13,False,600,False,16,STANDBY
Rake-11,2026-02-28,CLOSED,NONE,True,11800,50000,2025-09-12,1,100.0,944.0,ElectroBrake_v2,11200,97.0,0,59,13,False,600,False,16,STANDBY
Rake-12,2026-08-01,CLOSED,NONE,False,11800,50000,2025-09-04,0,0.0,0.0,HydroMech_v1,11600,99.0,0,59,18,False,200,False,16,STANDBY
Rake-13,2026-04-10,CLOSED,NONE,False,11600,50000,2025-09-13,2,0.0,0.0,ElectroBrake_v2,11000,97.0,0,58,14,False,600,False,16,STANDBY
Rake-14,2025-10-10,CLOSED,NONE,False,11800,50000,2025-09-12,1,0.0,0.0,HydroMech_v1,11000,97.0,1,59,13,False,600,False,16,SERVICE
Rake-15,2026-06-19,CLOSED,NONE,False,12000,50000,2025-09-10,0,0.0,0.0,ElectroBrake_v2,11400,97.0,0,60,13,False,600,False,16,STANDBY
Rake-16,2027-01-01,CLOSED,NONE,False,11600,50000,2025-09-13,2,0.0,0.0,ElectroBrake_v2,11200,99.0,1,58,17,False,200,False,16,SERVICE
Rake-17,2026-09-05,CLOSED,NONE,True,11600,50000,2025-09-11,1,40.0,928.0,HydroMech_v1,11600,100.0,0,58,15,False,0,False,16,STANDBY
Rake-18,2026-11-20,CLOSED,NONE,False,12000,50000,2025-09-13,0,0.0,0.0,ElectroBrake_v2,12000,100.0,0,60,14,False,0,False,16,STANDBY
Rake-19,2026-10-10,CLOSED,NONE,False,11800,50000,2025-09-06,1,0.0,0.0,HydroMech_v1,11600,100.0,1,59,20,False,0,False,16,SERVICE
Rake-20,2025-10-13,CLOSED,NONE,False,11600,50000,2025-09-12,2,0.0,0.0,ElectroBrake_v2,11400,98.0,0,58,14,False,200,False,16,STANDBY
Rake-21,2026-12-01,CLOSED,NONE,False,11800,50000,2025-09-13,1,0.0,0.0,ElectroBrake_v2,11800,100.0,0,59,15,False,0,False,16,STANDBY
Rake-22,2026-04-15,CLOSED,NONE,False,12000,50000,2025-09-12,0,0.0,0.0,HydroMech_v1,11600,97.0,0,60,14,False,400,False,16,STANDBY
Rake-23,2026-07-20,CLOSED,NONE,True,11600,50000,2025-09-11,2,120.0,928.0,ElectroBrake_v2,11000,98.0,1,58,12,False,400,False,16,SERVICE
Rake-24,2026-08-25,CLOSED,NONE,False,11600,50000,2025-09-10,1,0.0,0.0,HydroMech_v1,11200,98.0,0,58,14,False,400,False,16,STANDBY
Rake-25,2026-01-30,CLOSED,NONE,False,12000,50000,2025-09-13,0,0.0,0.0,ElectroBrake_v2,12000,100.0,0,60,14,False,0,False,16,STANDBY
Rake-01,2026-10-20,CLOSED,NONE,False,12000,50000,2025-09-12,0,0.0,0.0,ElectroBrake_v2,11400,97.0,0,60,17,False,600,False,17,STANDBY
Rake-02,2025-10-12,CLOSED,NONE,False,11800,50000,2025-09-10,1,0.0,0.0,HydroMech_v1,11600,98.0,0,59,13,False,200,False,17,STANDBY
Rake-03,2026-01-15,CLOSED,NONE,False,11600,50000,2025-09-12,2,0.0,0.0,ElectroBrake_v2,11000,96.0,0,58,13,False,600,False,17,STANDBY
Rake-04,2025-11-05,CLOSED,NONE,True,11800,50000,2025-09-11,1,60.0,944.0,ElectroBrake_v2,11400,98.0,0,59,19,False,400,False,17,STANDBY
Rake-05,2026-09-30,CLOSED,NONE,True,12000,50000,2025-09-12,0,80.0,960.0,HydroMech_v1,12000,100.0,0,60,17,False,0,False,17,STANDBY
Rake-06,2026-03-18,CLOSED,NONE,False,11600,50000,2025-09-05,2,0.0,0.0,ElectroBrake_v2,11600,100.0,0,58,14,False,0,False,17,STANDBY
Rake-07,2025-10-13,CLOSED,NONE,False,11800,50000,2025-09-12,1,0.0,0.0,HydroMech_v1,11600,99.0,0,59,16,False,200,False,17,STANDBY
Rake-08,2026-05-22,CLOSED,NONE,False,12000,50000,2025-09-13,0,0.0,0.0,ElectroBrake_v2,11800,99.0,0,60,17,False,200,False,17,STANDBY
Rake-09,2026-07-30,CLOSED,NONE,False,11800,50000,2025-09-11,2,0.0,0.0,HydroMech_v1,11200,98.0,1,59,15,False,400,False,17,SERVICE
Rake-10,2025-12-12,CLOSED,NONE,False,11800,50000,2025-09-13,1,0.0,0.0,ElectroBrake_v2,11200,97.0,0,59,13,False,600,False,17,STANDBY
Rake-11,2026-02-28,CLOSED,NONE,True,11800,50000,2025-09-12,1,100.0,944.0,ElectroBrake_v2,11200,97.0,0,59,13,False,600,False,17,STANDBY
Rake-12,2026-08-01,CLOSED,NONE,False,12000,50000,2025-09-04,0,0.0,0.0,HydroMech_v1,11600,99.0,1,60,18,False,200,False,17,SERVICE
Rake-13,2026-04-10,CLOSED,NONE,False,11800,50000,2025-09-13,2,0.0,0.0,ElectroBrake_v2,11000,97.0,1,59,14,False,600,False,17,SERVICE
Rake-14,2025-10-10,CLOSED,NONE,False,11800,50000,2025-09-12,1,0.0,0.0,HydroMech_v1,11800,100.0,0,59,14,False,800,False,17,MAINTENANCE
Rake-15,2026-06-19,CLOSED,NONE,False,12000,50000,2025-09-10,0,0.0,0.0,ElectroBrake_v2,11400,97.0,0,60,13,False,600,False,17,STANDBY
Rake-16,2027-01-01,CLOSED,NONE,False,11600,50000,2025-09-13,2,0.0,0.0,ElectroBrake_v2,11200,97.0,0,58,17,False,400,False,17,STANDBY
Rake-17,2026-09-05,CLOSED,NONE,True,11800,50000,2025-09-11,1,40.0,944.0,HydroMech_v1,11600,100.0,1,59,15,False,0,False,17,SERVICE
Rake-18,2026-11-20,CLOSED,NONE,False,12000,50000,2025-09-13,0,0.0,0.0,ElectroBrake_v2,12000,100.0,0,60,14,False,0,False,17,STANDBY
Rake-19,2026-10-10,CLOSED,NONE,False,11800,50000,2025-09-06,1,0.0,0.0,HydroMech_v1,11600,98.0,0,59,20,False,200,False,17,STANDBY
Rake-20,2025-10-13,CLOSED,NONE,False,11800,50000,2025-09-12,2,0.0,0.0,ElectroBrake_v2,11400,99.0,1,59,14,False,200,False,17,SERVICE
Rake-21,2026-12-01,CLOSED,NONE,False,11800,50000,2025-09-13,1,0.0,0.0,ElectroBrake_v2,11800,100.0,0,59,15,False,0,False,17,STANDBY
Rake-22,2026-04-15,CLOSED,NONE,False,12000,50000,2025-09-12,0,0.0,0.0,HydroMech_v1,11600,98.0,0,60,14,False,400,False,17,STANDBY
Rake-23,2026-07-20,CLOSED,NONE,True,11600,50000,2025-09-11,2,120.0,928.0,ElectroBrake_v2,11600,100.0,0,58,13,False,600,False,17,MAINTENANCE
Rake-24,2026-08-25,CLOSED,NONE,False,11800,50000,2025-09-10,1,0.0,0.0,HydroMech_v1,11200,98.0,1,59,14,False,400,False,17,SERVICE
Rake-25,2026-01-30,CLOSED,NONE,False,12000,50000,2025-09-13,0,0.0,0.0,ElectroBrake_v2,12000,100.0,0,60,14,False,0,False,17,STANDBY
Rake-01,2026-10-20,CLOSED,NONE,False,12000,50000,2025-09-12,0,0.0,0.0,ElectroBrake_v2,11400,97.0,0,60,17,False,600,False,18,STANDBY
Rake-02,2025-10-12,CLOSED,NONE,False,12000,50000,2025-09-10,1,0.0,0.0,HydroMech_v1,11600,99.0,1,60,13,False,200,False,18,SERVICE
Rake-03,2026-01-15,CLOSED,NONE,False,11800,50000,2025-09-12,2,0.0,0.0,ElectroBrake_v2,11000,97.0,1,59,13,False,600,False,18,SERVICE
Rake-04,2025-11-05,CLOSED,NONE,True,11800,50000,2025-09-11,1,60.0,944.0,ElectroBrake_v2,11400,98.0,0,59,19,False,400,False,18,STANDBY
Rake-05,2026-09-30,CLOSED,NONE,True,12000,50000,2025-09-12,0,80.0,960.0,HydroMech_v1,12000,100.0,0,60,17,False,0,False,18,STANDBY
Rake-06,2026-03-18,CLOSED,NONE,False,11800,50000,2025-09-05,2,0.0,0.0,ElectroBrake_v2,11600,100.0,1,59,14,False,0,False,18,SERVICE
Rake-07,2025-10-13,CLOSED,NONE,False,12000,50000,2025-09-12,1,0.0,0.0,HydroMech_v1,11600,99.0,1,60,16,False,200,False,18,SERVICE
Rake-08,2026-05-22,CLOSED,NONE,False,12000,50000,2025-09-13,0,0.0,0.0,ElectroBrake_v2,11800,99.0,0,60,17,False,200,False,18,STANDBY
Rake-09,2026-07-30,CLOSED,NONE,False,11800,50000,2025-09-11,2,0.0,0.0,HydroMech_v1,11200,96.0,0,59,15,False,600,False,18,STANDBY
Rake-10,2025-12-12,CLOSED,NONE,False,11800,50000,2025-09-13,1,0.0,0.0,ElectroBrake_v2,11200,97.0,0,59,13,False,600,False,18,STANDBY
Rake-11,2026-02-28,CLOSED,NONE,True,11800,50000,2025-09-12,1,100.0,944.0,ElectroBrake_v2,11200,97.0,0,59,13,False,600,False,18,STANDBY
Rake-12,2026-08-01,CLOSED,NONE,False,12000,50000,2025-09-04,0,0.0,0.0,HydroMech_v1,11600,97.0,0,60,18,False,400,False,18,STANDBY
Rake-13,2026-04-10,CLOSED,NONE,False,11800,50000,2025-09-13,2,0.0,0.0,ElectroBrake_v2,11800,100.0,0,59,15,False,800,False,18,MAINTENANCE
Rake-14,2025-10-10,CLOSED,NONE,False,11800,50000,2025-09-12,1,0.0,0.0,HydroMech_v1,11800,100.0,0,59,14,False,0,False,18,STANDBY
Rake-15,2026-06-19,CLOSED,NONE,False,12000,50000,2025-09-10,0,0.0,0.0,ElectroBrake_v2,11400,97.0,0,60,13,False,600,False,18,STANDBY
Rake-16,2027-01-01,CLOSED,NONE,False,11800,50000,2025-09-13,2,0.0,0.0,ElectroBrake_v2,11200,98.0,1,59,17,False,400,False,18,SERVICE
Rake-17,2026-09-05,CLOSED,NONE,True,11800,50000,2025-09-11,1,40.0,944.0,HydroMech_v1,11600,98.0,0,59,15,False,200,False,18,STANDBY
Rake-18,2026-11-20,CLOSED,NONE,False,12000,50000,2025-09-13,0,0.0,0.0,ElectroBrake_v2,12000,100.0,0,60,14,False,0,False,18,STANDBY
Rake-19,2026-10-10,CLOSED,NONE,False,11800,50000,2025-09-06,1,0.0,0.0,HydroMech_v1,11600,99.0,0,59,20,False,200,False,18,STANDBY
Rake-20,2025-10-13,CLOSED,NONE,False,11800,50000,2025-09-12,2,0.0,0.0,ElectroBrake_v2,11400,97.0,0,59,14,False,400,False,18,STANDBY
Rake-21,2026-12-01,CLOSED,NONE,False,11800,50000,2025-09-13,1,0.0,0.0,ElectroBrake_v2,11800,100.0,0,59,15,False,0,False,18,STANDBY
Rake-22,2026-04-15,CLOSED,NONE,False,12000,50000,2025-09-12,0,0.0,0.0,HydroMech_v1,11600,98.0,0,60,14,False,400,False,18,STANDBY
Rake-23,2026-07-20,CLOSED,NONE,True,11800,50000,2025-09-11,2,120.0,944.0,ElectroBrake_v2,11600,100.0,1,59,13,False,0,False,18,SERVICE
Rake-24,2026-08-25,CLOSED,NONE,False,11800,50000,2025-09-10,1,0.0,0.0,HydroMech_v1,11800,100.0,0,59,15,False,600,False,18,MAINTENANCE
Rake-25,2026-01-30,CLOSED,NONE,False,12000,50000,2025-09-13,0,0.0,0.0,ElectroBrake_v2,12000,100.0,0,60,14,False,0,False,18,STANDBY
Rake-01,2026-10-20,CLOSED,NONE,False,12000,50000,2025-09-12,0,0.0,0.0,ElectroBrake_v2,11400,97.0,0,60,17,False,600,False,19,STANDBY
Rake-02,2025-10-12,CLOSED,NONE,False,12000,50000,2025-09-10,1,0.0,0.0,HydroMech_v1,11600,97.0,0,60,13,False,400,False,19,STANDBY
Rake-03,2026-01-15,CLOSED,NONE,False,11800,50000,2025-09-12,2,0.0,0.0,ElectroBrake_v2,11800,100.0,0,59,14,False,800,False,19,MAINTENANCE
Rake-04,2025-11-05,CLOSED,NONE,True,11800,50000,2025-09-11,1,60.0,944.0,ElectroBrake_v2,11400,98.0,0,59,19,False,400,False,19,STANDBY
Rake-05,2026-09-30,CLOSED,NONE,True,12000,50000,2025-09-12,0,80.0,960.0,HydroMech_v1,12000,100.0,0,60,17,False,0,False,19,STANDBY
Rake-06,2026-03-18,CLOSED,NONE,False,11800,50000,2025-09-05,2,0.0,0.0,ElectroBrake_v2,11600,98.0,0,59,14,False,200,False,19,STANDBY
Rake-07,2025-10-13,CLOSED,NONE,False,12000,50000,2025-09-12,1,0.0,0.0,HydroMech_v1,11600,97.0,0,60,16,False,400,False,19,STANDBY
Rake-08,2026-05-22,CLOSED,NONE,False,12000,50000,2025-09-13,0,0.0,0.0,ElectroBrake_v2,11800,99.0,0,60,17,False,200,False,19,STANDBY
Rake-09,2026-07-30,CLOSED,NONE,False,11800,50000,2025-09-11,2,0.0,0.0,HydroMech_v1,11200,97.0,0,59,15,False,600,False,19,STANDBY
Rake-10,2025-12-12,CLOSED,NONE,False,11800,50000,2025-09-13,1,0.0,0.0,ElectroBrake_v2,11200,97.0,0,59,13,False,600,False,19,STANDBY
Rake-11,2026-02-28,CLOSED,NONE,True,12000,50000,2025-09-12,1,100.0,960.0,ElectroBrake_v2,11200,97.0,1,60,13,False,600,False,19,SERVICE
Rake-12,2026-08-01,CLOSED,NONE,False,12000,50000,2025-09-04,0,0.0,0.0,HydroMech_v1,11600,98.0,0,60,18,False,400,False,19,STANDBY
Rake-13,2026-04-10,CLOSED,NONE,False,11800,50000,2025-09-13,2,0.0,0.0,ElectroBrake_v2,11800,100.0,0,59,15,False,0,False,19,STANDBY
Rake-14,2025-10-10,CLOSED,NONE,False,12000,50000,2025-09-12,1,0.0,0.0,HydroMech_v1,11800,100.0,1,60,14,False,0,False,19,SERVICE
Rake-15,2026-06-19,CLOSED,NONE,False,12000,50000,2025-09-10,0,0.0,0.0,ElectroBrake_v2,11400,97.0,0,60,13,False,600,False,19,STANDBY
Rake-16,2027-01-01,CLOSED,NONE,False,11800,50000,2025-09-13,2,0.0,0.0,ElectroBrake_v2,11800,100.0,0,59,18,False,600,False,19,MAINTENANCE
Rake-17,2026-09-05,CLOSED,NONE,True,12000,50000,2025-09-11,1,40.0,960.0,HydroMech_v1,11600,99.0,1,60,15,False,200,False,19,SERVICE
Rake-18,2026-11-20,CLOSED,NONE,False,12000,50000,2025-09-13,0,0.0,0.0,ElectroBrake_v2,12000,100.0,0,60,14,False,0,False,19,STANDBY
Rake-19,2026-10-10,CLOSED,NONE,False,12000,50000,2025-09-06,1,0.0,0.0,HydroMech_v1,11600,99.0,1,60,20,False,200,False,19,SERVICE
Rake-20,2025-10-13,CLOSED,NONE,False,11800,50000,2025-09-12,2,0.0,0.0,ElectroBrake_v2,11400,98.0,0,59,14,False,400,False,19,STANDBY
Rake-21,2026-12-01,CLOSED,NONE,False,12000,50000,2025-09-13,1,0.0,0.0,ElectroBrake_v2,11800,100.0,1,60,15,False,0,False,19,SERVICE
Rake-22,2026-04-15,CLOSED,NONE,False,12000,50000,2025-09-12,0,0.0,0.0,HydroMech_v1,11600,98.0,0,60,14,False,400,False,19,STANDBY
Rake-23,2026-07-20,CLOSED,NONE,True,11800,50000,2025-09-11,2,120.0,944.0,ElectroBrake_v2,11600,98.0,0,59,13,False,200,False,19,STANDBY
Rake-24,2026-08-25,CLOSED,NONE,False,12000,50000,2025-09-10,1,0.0,0.0,HydroMech_v1,11800,100.0,1,60,15,False,0,False,19,SERVICE
Rake-25,2026-01-30,CLOSED,NONE,False,12000,50000,2025-09-13,0,0.0,0.0,ElectroBrake_v2,12000,100.0,0,60,14,False,0,False,19,STANDBY
Rake-01,2026-10-20,CLOSED,NONE,False,12000,50000,2025-09-12,0,0.0,0.0,ElectroBrake_v2,11400,97.0,0,60,17,False,600,False,20,STANDBY
Rake-02,2025-10-12,CLOSED,NONE,False,12000,50000,2025-09-10,1,0.0,0.0,HydroMech_v1,11600,98.0,0,60,13,False,400,False,20,STANDBY
Rake-03,2026-01-15,CLOSED,NONE,False,11800,50000,2025-09-12,2,0.0,0.0,ElectroBrake_v2,11800,100.0,0,59,14,False,0,False,20,STANDBY
Rake-04,2025-11-05,CLOSED,NONE,True,12000,50000,2025-09-11,1,60.0,960.0,ElectroBrake_v2,11400,73.0,1,60,19,False,400,False,20,SERVICE
Rake-05,2026-09-30,CLOSED,NONE,True,12000,50000,2025-09-12,0,80.0,960.0,HydroMech_v1,12000,100.0,0,60,17,False,0,False,20,STANDBY
Rake-06,2026-03-18,CLOSED,NONE,False,11800,50000,2025-09-05,2,0.0,0.0,ElectroBrake_v2,11600,99.0,0,59,14,False,200,False,20,STANDBY
Rake-07,2025-10-13,CLOSED,NONE,False,12000,50000,2025-09-12,1,0.0,0.0,HydroMech_v1,11600,98.0,0,60,16,False,400,False,20,STANDBY
Rake-08,2026-05-22,CLOSED,NONE,False,12200,50000,2025-09-13,0,0.0,0.0,ElectroBrake_v2,11800,99.0,1,61,17,False,200,False,20,SERVICE
Rake-09,2026-07-30,CLOSED,NONE,False,11800,50000,2025-09-11,2,0.0,0.0,HydroMech_v1,11200,97.0,0,59,15,False,600,False,20,STANDBY
Rake-10,2025-12-12,CLOSED,NONE,False,12000,50000,2025-09-13,1,0.0,0.0,ElectroBrake_v2,11200,97.0,1,60,13,False,600,False,20,SERVICE
Rake-11,2026-02-28,CLOSED,NONE,True,12000,50000,2025-09-12,1,100.0,960.0,ElectroBrake_v2,12000,100.0,0,60,14,False,800,False,20,MAINTENANCE
Rake-12,2026-08-01,CLOSED,NONE,False,12200,50000,2025-09-04,0,0.0,0.0,HydroMech_v1,11600,98.0,1,61,18,False,400,False,20,SERVICE
Rake-13,2026-04-10,CLOSED,NONE,False,11800,50000,2025-09-13,2,0.0,0.0,ElectroBrake_v2,11800,100.0,0,59,15,False,0,False,20,STANDBY
Rake-14,2025-10-10,CLOSED,NONE,False,12000,50000,2025-09-12,1,0.0,0.0,HydroMech_v1,11800,98.0,0,60,14,False,200,False,20,STANDBY
Rake-15,2026-06-19,CLOSED,NONE,False,12200,50000,2025-09-10,0,0.0,0.0,ElectroBrake_v2,11400,97.0,1,61,13,False,600,False,20,SERVICE
Rake-16,2027-01-01,CLOSED,NONE,False,11800,50000,2025-09-13,2,0.0,0.0,ElectroBrake_v2,11800,100.0,0,59,19,False,0,True,20,MAINTENANCE
Rake-17,2026-09-05,CLOSED,NONE,True,12000,50000,2025-09-11,1,40.0,960.0,HydroMech_v1,11600,97.0,0,60,15,False,400,False,20,STANDBY
Rake-18,2026-11-20,CLOSED,NONE,False,12000,50000,2025-09-13,0,0.0,0.0,ElectroBrake_v2,12000,100.0,0,60,14,False,0,False,20,STANDBY
Rake-19,2026-10-10,CLOSED,NONE,False,12000,50000,2025-09-06,1,0.0,0.0,HydroMech_v1,11600,97.0,0,60,20,False,400,False,20,STANDBY
Rake-20,2025-10-13,CLOSED,NONE,False,11800,50000,2025-09-12,2,0.0,0.0,ElectroBrake_v2,11400,98.0,0,59,14,False,400,False,20,STANDBY
Rake-21,2026-12-01,CLOSED,NONE,False,12000,50000,2025-09-13,1,0.0,0.0,ElectroBrake_v2,11800,98.0,0,60,15,False,200,False,20,STANDBY
Rake-22,2026-04-15,CLOSED,NONE,False,12200,50000,2025-09-12,0,0.0,0.0,HydroMech_v1,11600,98.0,1,61,14,False,400,False,20,SERVICE
Rake-23,2026-07-20,CLOSED,NONE,True,11800,50000,2025-09-11,2,120.0,944.0,ElectroBrake_v2,11600,99.0,0,59,13,False,200,False,20,STANDBY
Rake-24,2026-08-25,CLOSED,NONE,False,12000,50000,2025-09-10,1,0.0,0.0,HydroMech_v1,11800,98.0,0,60,15,False,200,False,20,STANDBY
Rake-25,2026-01-30,CLOSED,NONE,False,12000,50000,2025-09-13,0,0.0,0.0,ElectroBrake_v2,12000,100.0,0,60,14,False,0,False,20,STANDBY
Rake-01,2026-10-20,CLOSED,NONE,False,12200,50000,2025-09-12,0,0.0,0.0,ElectroBrake_v2,11400,97.0,1,61,17,False,600,False,21,SERVICE
Rake-02,2025-10-12,CLOSED,NONE,False,12000,50000,2025-09-10,1,0.0,0.0,HydroMech_v1,11600,98.0,0,60,13,False,400,False,21,STANDBY
Rake-03,2026-01-15,CLOSED,NONE,False,11800,50000,2025-09-12,2,0.0,0.0,ElectroBrake_v2,11800,100.0,0,59,14,False,0,False,21,STANDBY
Rake-04,2025-11-05,CLOSED,NONE,True,12000,50000,2025-09-11,1,60.0,960.0,ElectroBrake_v2,11400,96.0,0,60,19,False,600,False,21,STANDBY
Rake-05,2026-09-30,CLOSED,NONE,True,12200,50000,2025-09-12,0,80.0,976.0,HydroMech_v1,12000,100.0,1,61,17,False,0,False,21,SERVICE
Rake-06,2026-03-18,CLOSED,NONE,False,11800,50000,2025-09-05,2,0.0,0.0,ElectroBrake_v2,11600,99.0,0,59,14,False,200,False,21,STANDBY
Rake-07,2025-10-13,CLOSED,NONE,False,12000,50000,2025-09-12,1,0.0,0.0,HydroMech_v1,11600,98.0,0,60,16,False,400,False,21,STANDBY
Rake-08,2026-05-22,CLOSED,NONE,False,12200,50000,2025-09-13,0,0.0,0.0,ElectroBrake_v2,11800,97.0,0,61,17,False,400,False,21,STANDBY
Rake-09,2026-07-30,CLOSED,NONE,False,11800,50000,2025-09-11,2,0.0,0.0,HydroMech_v1,11200,97.0,0,59,15,False,600,False,21,STANDBY
Rake-10,2025-12-12,CLOSED,NONE,False,12000,50000,2025-09-13,1,0.0,0.0,ElectroBrake_v2,12000,100.0,0,60,14,False,800,False,21,MAINTENANCE
Rake-11,2026-02-28,CLOSED,NONE,True,12000,50000,2025-09-12,1,100.0,960.0,ElectroBrake_v2,12000,100.0,0,60,14,False,0,False,21,STANDBY
Rake-12,2026-08-01,CLOSED,NONE,False,12200,50000,2025-09-04,0,0.0,0.0,HydroMech_v1,11600,96.0,0,61,18,False,600,False,21,STANDBY
Rake-13,2026-04-10,CLOSED,NONE,False,12000,50000,2025-09-13,2,0.0,0.0,ElectroBrake_v2,11800,100.0,1,60,15,False,0,False,21,SERVICE
Rake-14,2025-10-10,CLOSED,NONE,False,12000,50000,2025-09-12,1,0.0,0.0,HydroMech_v1,11800,99.0,0,60,14,False,200,False,21,STANDBY
Rake-15,2026-06-19,CLOSED,NONE,False,12200,50000,2025-09-10,0,0.0,0.0,ElectroBrake_v2,12200,100.0,0,61,14,False,800,False,21,MAINTENANCE
Rake-16,2027-01-01,CLOSED,NONE,False,12000,50000,2025-09-13,2,0.0,0.0,ElectroBrake_v2,11800,100.0,1,60,19,False,0,False,21,SERVICE
Rake-17,2026-09-05,CLOSED,NONE,True,12000,50000,2025-09-11,1,40.0,960.0,HydroMech_v1,11600,98.0,0,60,15,False,400,False,21,STANDBY
Rake-18,2026-11-20,CLOSED,NONE,False,12200,50000,2025-09-13,0,0.0,0.0,ElectroBrake_v2,12000,100.0,1,61,14,False,0,False,21,SERVICE
Rake-19,2026-10-10,CLOSED,NONE,False,12000,50000,2025-09-06,1,0.0,0.0,HydroMech_v1,11600,98.0,0,60,20,False,400,False,21,STANDBY
Rake-20,2025-10-13,CLOSED,NONE,False,11800,50000,2025-09-12,2,0.0,0.0,ElectroBrake_v2,11400,98.0,0,59,14,False,400,False,21,STANDBY
Rake-21,2026-12-01,CLOSED,NONE,False,12000,50000,2025-09-13,1,0.0,0.0,ElectroBrake_v2,11800,99.0,0,60,15,False,200,False,21,STANDBY
Rake-22,2026-04-15,CLOSED,NONE,False,12200,50000,2025-09-12,0,0.0,0.0,HydroMech_v1,11600,96.0,0,61,14,False,600,False,21,STANDBY
Rake-23,2026-07-20,CLOSED,NONE,True,11800,50000,2025-09-11,2,120.0,944.0,ElectroBrake_v2,11600,99.0,0,59,13,False,200,False,21,STANDBY
Rake-24,2026-08-25,CLOSED,NONE,False,12000,50000,2025-09-10,1,0.0,0.0,HydroMech_v1,11800,99.0,0,60,15,False,200,False,21,STANDBY
Rake-25,2026-01-30,CLOSED,NONE,False,12200,50000,2025-09-13,0,0.0,0.0,ElectroBrake_v2,12000,100.0,1,61,14,False,0,False,21,SERVICE
Rake-01,2026-10-20,CLOSED,NONE,False,12200,50000,2025-09-12,0,0.0,0.0,ElectroBrake_v2,12200,100.0,0,61,18,False,800,False,22,MAINTENANCE
Rake-02,2025-10-12,CLOSED,NONE,False,12000,50000,2025-09-10,1,0.0,0.0,HydroMech_v1,11600,98.0,0,60,13,False,400,False,22,STANDBY
Rake-03,2026-01-15,CLOSED,NONE,False,12000,50000,2025-09-12,2,0.0,0.0,ElectroBrake_v2,11800,100.0,1,60,14,False,0,False,22,SERVICE
Rake-04,2025-11-05,CLOSED,NONE,True,12000,50000,2025-09-11,1,60.0,960.0,ElectroBrake_v2,11400,97.0,0,60,19,False,600,False,22,STANDBY
Rake-05,2026-09-30,CLOSED,NONE,True,12200,50000,2025-09-12,0,80.0,976.0,HydroMech_v1,12000,98.0,0,61,17,False,200,False,22,STANDBY
Rake-06,2026-03-18,CLOSED,NONE,False,12000,50000,2025-09-05,2,0.0,0.0,ElectroBrake_v2,11600,99.0,1,60,14,False,200,False,22,SERVICE
Rake-07,2025-10-13,CLOSED,NONE,False,12000,50000,2025-09-12,1,0.0,0.0,HydroMech_v1,11600,98.0,0,60,16,False,400,False,22,STANDBY
Rake-08,2026-05-22,CLOSED,NONE,False,12200,50000,2025-09-13,0,0.0,0.0,ElectroBrake_v2,11800,98.0,0,61,17,False,400,False,22,STANDBY
Rake-09,2026-07-30,CLOSED,NONE,False,12000,50000,2025-09-11,2,0.0,0.0,HydroMech_v1,11200,97.0,1,60,15,False,600,False,22,SERVICE
Rake-10,2025-12-12,CLOSED,NONE,False,12000,50000,2025-09-13,1,0.0,0.0,ElectroBrake_v2,12000,100.0,0,60,14,False,0,False,22,STANDBY
Rake-11,2026-02-28,CLOSED,NONE,True,12000,50000,2025-09-12,1,100.0,960.0,ElectroBrake_v2,12000,100.0,0,60,14,False,0,False,22,STANDBY
Rake-12,2026-08-01,CLOSED,NONE,False,12200,50000,2025-09-04,0,0.0,0.0,HydroMech_v1,11600,97.0,0,61,18,False,600,False,22,STANDBY
Rake-13,2026-04-10,CLOSED,NONE,False,12000,50000,2025-09-13,2,0.0,0.0,ElectroBrake_v2,11800,98.0,0,60,15,False,200,False,22,STANDBY
Rake-14,2025-10-10,CLOSED,NONE,False,12000,50000,2025-09-12,1,0.0,0.0,HydroMech_v1,11800,99.0,0,60,14,False,200,False,22,STANDBY
Rake-15,2026-06-19,CLOSED,NONE,False,12200,50000,2025-09-10,0,0.0,0.0,ElectroBrake_v2,12200,100.0,0,61,14,False,0,False,22,STANDBY
Rake-16,2027-01-01,CLOSED,NONE,False,12000,50000,2025-09-13,2,0.0,0.0,ElectroBrake_v2,11800,98.0,0,60,19,False,200,False,22,STANDBY
Rake-17,2026-09-05,CLOSED,NONE,True,12000,50000,2025-09-11,1,40.0,960.0,HydroMech_v1,11600,98.0,0,60,15,False,400,False,22,STANDBY
Rake-18,2026-11-20,CLOSED,NONE,False,12200,50000,2025-09-13,0,0.0,0.0,ElectroBrake_v2,12000,98.0,0,61,14,False,200,False,22,STANDBY
Rake-19,2026-10-10,CLOSED,NONE,False,12000,50000,2025-09-06,1,0.0,0.0,HydroMech_v1,11600,98.0,0,60,20,False,400,False,22,STANDBY
Rake-20,2025-10-13,CLOSED,NONE,False,12000,50000,2025-09-12,2,0.0,0.0,ElectroBrake_v2,11400,98.0,1,60,14,False,400,False,22,SERVICE
Rake-21,2026-12-01,CLOSED,NONE,False,12000,50000,2025-09-13,1,0.0,0.0,ElectroBrake_v2,11800,99.0,0,60,15,False,200,False,22,STANDBY
Rake-22,2026-04-15,CLOSED,NONE,False,12200,50000,2025-09-12,0,0.0,0.0,HydroMech_v1,11600,97.0,0,61,14,False,600,False,22,STANDBY
Rake-23,2026-07-20,CLOSED,NONE,True,12000,50000,2025-09-11,2,120.0,960.0,ElectroBrake_v2,11600,99.0,1,60,13,False,200,False,22,SERVICE
Rake-24,2026-08-25,CLOSED,NONE,False,12200,50000,2025-09-10,1,0.0,0.0,HydroMech_v1,11800,99.0,1,61,15,False,200,False,22,SERVICE
Rake-25,2026-01-30,CLOSED,NONE,False,12200,50000,2025-09-13,0,0.0,0.0,ElectroBrake_v2,12000,98.0,0,61,14,False,200,False,22,STANDBY
Rake-01,2026-10-20,CLOSED,NONE,False,12200,50000,2025-09-12,0,0.0,0.0,ElectroBrake_v2,12200,100.0,0,61,18,False,0,False,23,STANDBY
Rake-02,2025-10-12,CLOSED,NONE,False,12000,50000,2025-09-10,1,0.0,0.0,HydroMech_v1,11600,98.0,0,60,13,False,400,False,23,STANDBY
Rake-03,2026-01-15,CLOSED,NONE,False,12000,50000,2025-09-12,2,0.0,0.0,ElectroBrake_v2,11800,98.0,0,60,14,False,200,False,23,STANDBY
Rake-04,2025-11-05,CLOSED,NONE,True,12000,50000,2025-09-11,1,60.0,960.0,ElectroBrake_v2,11400,97.0,0,60,19,False,600,False,23,STANDBY
Rake-05,2026-09-30,CLOSED,NONE,True,12200,50000,2025-09-12,0,80.0,976.0,HydroMech_v1,12000,99.0,0,61,17,False,200,False,23,STANDBY
Rake-06,2026-03-18,CLOSED,NONE,False,12000,50000,2025-09-05,2,0.0,0.0,ElectroBrake_v2,11600,97.0,0,60,14,False,400,False,23,STANDBY
Rake-07,2025-10-13,CLOSED,NONE,False,12200,50000,2025-09-12,1,0.0,0.0,HydroMech_v1,11600,98.0,1,61,16,False,400,False,23,SERVICE
Rake-08,2026-05-22,CLOSED,NONE,False,12200,50000,2025-09-13,0,0.0,0.0,ElectroBrake_v2,11800,98.0,0,61,17,False,400,False,23,STANDBY
Rake-09,2026-07-30,CLOSED,NONE,False,12000,50000,2025-09-11,2,0.0,0.0,HydroMech_v1,12000,100.0,0,60,16,False,800,False,23,MAINTENANCE
Rake-10,2025-12-12,CLOSED,NONE,False,12200,50000,2025-09-13,1,0.0,0.0,ElectroBrake_v2,12000,100.0,1,61,14,False,0,False,23,SERVICE
Rake-11,2026-02-28,CLOSED,NONE,True,12000,50000,2025-09-12,1,100.0,960.0,ElectroBrake_v2,12000,100.0,0,60,14,False,0,False,23,STANDBY
Rake-12,2026-08-01,CLOSED,NONE,False,12200,50000,2025-09-04,0,0.0,0.0,HydroMech_v1,11600,97.0,0,61,18,False,600,False,23,STANDBY
Rake-13,2026-04-10,CLOSED,NONE,False,12000,50000,2025-09-13,2,0.0,0.0,ElectroBrake_v2,11800,99.0,0,60,15,False,200,False,23,STANDBY
Rake-14,2025-10-10,CLOSED,NONE,False,12200,50000,2025-09-12,1,0.0,0.0,HydroMech_v1,11800,99.0,1,61,14,False,200,False,23,SERVICE
Rake-15,2026-06-19,CLOSED,NONE,False,12200,50000,2025-09-10,0,0.0,0.0,ElectroBrake_v2,12200,100.0,0,61,14,False,0,False,23,STANDBY
Rake-16,2027-01-01,CLOSED,NONE,False,12000,50000,2025-09-13,2,0.0,0.0,ElectroBrake_v2,11800,99.0,0,60,19,False,200,False,23,STANDBY
Rake-17,2026-09-05,CLOSED,NONE,True,12200,50000,2025-09-11,1,40.0,976.0,HydroMech_v1,11600,98.0,1,61,15,False,400,False,23,SERVICE
Rake-18,2026-11-20,CLOSED,NONE,False,12200,50000,2025-09-13,0,0.0,0.0,ElectroBrake_v2,12000,99.0,0,61,14,False,200,False,23,STANDBY
Rake-19,2026-10-10,CLOSED,NONE,False,12200,50000,2025-09-06,1,0.0,0.0,HydroMech_v1,11600,98.0,1,61,20,False,400,False,23,SERVICE
Rake-20,2025-10-13,CLOSED,NONE,False,12000,50000,2025-09-12,2,0.0,0.0,ElectroBrake_v2,12000,100.0,0,60,15,False,600,False,23,MAINTENANCE
Rake-21,2026-12-01,CLOSED,NONE,False,12200,50000,2025-09-13,1,0.0,0.0,ElectroBrake_v2,11800,99.0,1,61,15,False,200,False,23,SERVICE
Rake-22,2026-04-15,CLOSED,NONE,False,12200,50000,2025-09-12,0,0.0,0.0,HydroMech_v1,11600,97.0,0,61,14,False,600,False,23,STANDBY
Rake-23,2026-07-20,CLOSED,NONE,True,12000,50000,2025-09-11,2,120.0,960.0,ElectroBrake_v2,11600,97.0,0,60,13,False,400,False,23,STANDBY
Rake-24,2026-08-25,CLOSED,NONE,False,12200,50000,2025-09-10,1,0.0,0.0,HydroMech_v1,11800,97.0,0,61,15,False,400,False,23,STANDBY
Rake-25,2026-01-30,CLOSED,NONE,False,12200,50000,2025-09-13,0,0.0,0.0,ElectroBrake_v2,12000,99.0,0,61,14,False,200,False,23,STANDBY
Rake-01,2026-10-20,CLOSED,NONE,False,12200,50000,2025-09-12,0,0.0,0.0,ElectroBrake_v2,12200,100.0,0,61,18,False,0,False,24,STANDBY
Rake-02,2025-10-12,CLOSED,NONE,False,12200,50000,2025-09-10,1,0.0,0.0,HydroMech_v1,11600,98.0,1,61,13,False,400,False,24,SERVICE
Rake-03,2026-01-15,CLOSED,NONE,False,12000,50000,2025-09-12,2,0.0,0.0,ElectroBrake_v2,11800,99.0,0,60,14,False,200,False,24,STANDBY
Rake-04,2025-11-05,CLOSED,NONE,True,12200,50000,2025-09-11,1,60.0,976.0,ElectroBrake_v2,11400,97.0,1,61,19,False,600,False,24,SERVICE
Rake-05,2026-09-30,CLOSED,NONE,True,12400,50000,2025-09-12,0,80.0,992.0,HydroMech_v1,12000,99.0,1,62,17,False,200,False,24,SERVICE
Rake-06,2026-03-18,CLOSED,NONE,False,12000,50000,2025-09-05,2,0.0,0.0,ElectroBrake_v2,11600,98.0,0,60,14,False,400,False,24,STANDBY
Rake-07,2025-10-13,CLOSED,NONE,False,12200,50000,2025-09-12,1,0.0,0.0,HydroMech_v1,11600,96.0,0,61,16,False,600,False,24,STANDBY
Rake-08,2026-05-22,CLOSED,NONE,False,12200,50000,2025-09-13,0,0.0,0.0,ElectroBrake_v2,11800,98.0,0,61,17,False,400,False,24,STANDBY
Rake-09,2026-07-30,CLOSED,NONE,False,12000,50000,2025-09-11,2,0.0,0.0,HydroMech_v1,12000,100.0,0,60,16,False,0,False,24,STANDBY
Rake-10,2025-12-12,CLOSED,NONE,False,12200,50000,2025-09-13,1,0.0,0.0,ElectroBrake_v2,12000,98.0,0,61,14,False,200,False,24,STANDBY
Rake-11,2026-02-28,CLOSED,NONE,True,12200,50000,2025-09-12,1,100.0,976.0,ElectroBrake_v2,12000,100.0,1,61,14,False,0,False,24,SERVICE
Rake-12,2026-08-01,CLOSED,NONE,False,12400,50000,2025-09-04,0,0.0,0.0,HydroMech_v1,11600,97.0,1,62,18,False,600,False,24,SERVICE
Rake-13,2026-04-10,CLOSED,NONE,False,12000,50000,2025-09-13,2,0.0,0.0,ElectroBrake_v2,11800,99.0,0,60,15,False,200,False,24,STANDBY
Rake-14,2025-10-10,CLOSED,NONE,False,12200,50000,2025-09-12,1,0.0,0.0,HydroMech_v1,11800,97.0,0,61,14,False,400,False,24,STANDBY
Rake-15,2026-06-19,CLOSED,NONE,False,12200,50000,2025-09-10,0,0.0,0.0,ElectroBrake_v2,12200,100.0,0,61,14,False,0,False,24,STANDBY
Rake-16,2027-01-01,CLOSED,NONE,False,12000,50000,2025-09-13,2,0.0,0.0,ElectroBrake_v2,11800,99.0,0,60,19,False,200,False,24,STANDBY
Rake-17,2026-09-05,CLOSED,NONE,True,12200,50000,2025-09-11,1,40.0,976.0,HydroMech_v1,12200,100.0,0,61,16,False,600,False,24,MAINTENANCE
Rake-18,2026-11-20,CLOSED,NONE,False,12400,50000,2025-09-13,0,0.0,0.0,ElectroBrake_v2,12000,99.0,1,62,14,False,200,False,24,SERVICE
Rake-19,2026-10-10,CLOSED,NONE,False,12200,50000,2025-09-06,1,0.0,0.0,HydroMech_v1,12200,100.0,0,61,21,False,600,False,24,MAINTENANCE
Rake-20,2025-10-13,CLOSED,NONE,False,12000,50000,2025-09-12,2,0.0,0.0,ElectroBrake_v2,12000,100.0,0,60,15,False,0,False,24,STANDBY
Rake-21,2026-12-01,CLOSED,NONE,False,12200,50000,2025-09-13,1,0.0,0.0,ElectroBrake_v2,11800,97.0,0,61,15,False,400,False,24,STANDBY
Rake-22,2026-04-15,CLOSED,NONE,False,12200,50000,2025-09-12,0,0.0,0.0,HydroMech_v1,11600,97.0,0,61,14,False,600,False,24,STANDBY
Rake-23,2026-07-20,CLOSED,NONE,True,12000,50000,2025-09-11,2,120.0,960.0,ElectroBrake_v2,11600,98.0,0,60,13,False,400,False,24,STANDBY
Rake-24,2026-08-25,CLOSED,NONE,False,12200,50000,2025-09-10,1,0.0,0.0,HydroMech_v1,11800,98.0,0,61,15,False,400,False,24,STANDBY
Rake-25,2026-01-30,CLOSED,NONE,False,12200,50000,2025-09-13,0,0.0,0.0,ElectroBrake_v2,12000,99.0,0,61,14,False,200,False,24,STANDBY
Rake-01,2026-10-20,CLOSED,NONE,False,12200,50000,2025-09-12,0,0.0,0.0,ElectroBrake_v2,12200,100.0,0,61,19,False,0,True,25,MAINTENANCE
Rake-02,2025-10-12,CLOSED,NONE,False,12200,50000,2025-09-10,1,0.0,0.0,HydroMech_v1,11600,96.0,0,61,13,False,600,False,25,STANDBY
Rake-03,2026-01-15,CLOSED,NONE,False,12000,50000,2025-09-12,2,0.0,0.0,ElectroBrake_v2,11800,99.0,0,60,14,False,200,False,25,STANDBY
Rake-04,2025-11-05,CLOSED,NONE,True,12200,50000,2025-09-11,1,60.0,976.0,ElectroBrake_v2,11400,95.0,0,61,19,False,800,False,25,STANDBY
Rake-05,2026-09-30,CLOSED,NONE,True,12400,50000,2025-09-12,0,80.0,992.0,HydroMech_v1,12000,97.0,0,62,17,False,400,False,25,STANDBY
Rake-06,2026-03-18,CLOSED,NONE,False,12000,50000,2025-09-05,2,0.0,0.0,ElectroBrake_v2,11600,98.0,0,60,14,False,400,False,25,STANDBY
Rake-07,2025-10-13,CLOSED,NONE,False,12200,50000,2025-09-12,1,0.0,0.0,HydroMech_v1,11600,97.0,0,61,16,False,600,False,25,STANDBY
Rake-08,2026-05-22,CLOSED,NONE,False,12400,50000,2025-09-13,0,0.0,0.0,ElectroBrake_v2,11800,98.0,1,62,17,False,400,False,25,SERVICE
Rake-09,2026-07-30,CLOSED,NONE,False,12200,50000,2025-09-11,2,0.0,0.0,HydroMech_v1,12000,100.0,1,61,16,False,0,False,25,SERVICE
Rake-10,2025-12-12,CLOSED,NONE,False,12200,50000,2025-09-13,1,0.0,0.0,ElectroBrake_v2,12000,99.0,0,61,14,False,200,False,25,STANDBY
Rake-11,2026-02-28,CLOSED,NONE,True,12200,50000,2025-09-12,1,100.0,976.0,ElectroBrake_v2,12000,98.0,0,61,14,False,200,False,25,STANDBY
Rake-12,2026-08-01,CLOSED,NONE,False,12400,50000,2025-09-04,0,0.0,0.0,HydroMech_v1,12400,100.0,0,62,19,False,800,False,25,MAINTENANCE
Rake-13,2026-04-10,CLOSED,NONE,False,12000,50000,2025-09-13,2,0.0,0.0,ElectroBrake_v2,11800,99.0,0,60,15,False,200,False,25,STANDBY
Rake-14,2025-10-10,CLOSED,NONE,False,12200,50000,2025-09-12,1,0.0,0.0,HydroMech_v1,11800,98.0,0,61,14,False,400,False,25,STANDBY
Rake-15,2026-06-19,CLOSED,NONE,False,12400,50000,2025-09-10,0,0.0,0.0,ElectroBrake_v2,12200,100.0,1,62,14,False,0,False,25,SERVICE
Rake-16,2027-01-01,CLOSED,NONE,False,12200,50000,2025-09-13,2,0.0,0.0,ElectroBrake_v2,11800,99.0,1,61,19,False,200,False,25,SERVICE
Rake-17,2026-09-05,CLOSED,NONE,True,12200,50000,2025-09-11,1,40.0,976.0,HydroMech_v1,12200,100.0,0,61,16,False,0,False,25,STANDBY
Rake-18,2026-11-20,CLOSED,NONE,False,12400,50000,2025-09-13,0,0.0,0.0,ElectroBrake_v2,12000,97.0,0,62,14,False,400,False,25,STANDBY
Rake-19,2026-10-10,CLOSED,NONE,False,12200,50000,2025-09-06,1,0.0,0.0,HydroMech_v1,12200,100.0,0,61,21,False,0,False,25,STANDBY
Rake-20,2025-10-13,CLOSED,NONE,False,12000,50000,2025-09-12,2,0.0,0.0,ElectroBrake_v2,12000,100.0,0,60,15,False,0,False,25,STANDBY
Rake-21,2026-12-01,CLOSED,NONE,False,12200,50000,2025-09-13,1,0.0,0.0,ElectroBrake_v2,11800,98.0,0,61,15,False,400,False,25,STANDBY
Rake-22,2026-04-15,CLOSED,NONE,False,12400,50000,2025-09-12,0,0.0,0.0,HydroMech_v1,11600,97.0,1,62,14,False,600,False,25,SERVICE
Rake-23,2026-07-20,CLOSED,NONE,True,12000,50000,2025-09-11,2,120.0,960.0,ElectroBrake_v2,11600,98.0,0,60,13,False,400,False,25,STANDBY
Rake-24,2026-08-25,CLOSED,NONE,False,12200,50000,2025-09-10,1,0.0,0.0,HydroMech_v1,11800,98.0,0,61,15,False,400,False,25,STANDBY
Rake-25,2026-01-30,CLOSED,NONE,False,12400,50000,2025-09-13,0,0.0,0.0,ElectroBrake_v2,12000,99.0,1,62,14,False,200,False,25,SERVICE
Rake-01,2026-10-20,CLOSED,NONE,False,12400,50000,2025-09-12,0,0.0,0.0,ElectroBrake_v2,12200,100.0,1,62,19,False,0,False,26,SERVICE
Rake-02,2025-10-12,CLOSED,NONE,False,12200,50000,2025-09-10,1,0.0,0.0,HydroMech_v1,11600,97.0,0,61,13,False,600,False,26,STANDBY
Rake-03,2026-01-15,CLOSED,NONE,False,12200,50000,2025-09-12,2,0.0,0.0,ElectroBrake_v2,11800,99.0,1,61,14,False,200,False,26,SERVICE
Rake-04,2025-11-05,CLOSED,NONE,True,12200,50000,2025-09-11,1,60.0,976.0,ElectroBrake_v2,11400,96.0,0,61,19,False,800,False,26,STANDBY
Rake-05,2026-09-30,CLOSED,NONE,True,12400,50000,2025-09-12,0,80.0,992.0,HydroMech_v1,12000,98.0,0,62,17,False,400,False,26,STANDBY
Rake-06,2026-03-18,CLOSED,NONE,False,12200,50000,2025-09-05,2,0.0,0.0,ElectroBrake_v2,11600,98.0,1,61,14,False,400,False,26,SERVICE
Rake-07,2025-10-13,CLOSED,NONE,False,12200,50000,2025-09-12,1,0.0,0.0,HydroMech_v1,11600,97.0,0,61,16,False,600,False,26,STANDBY
Rake-08,2026-05-22,CLOSED,NONE,False,12400,50000,2025-09-13,0,0.0,0.0,ElectroBrake_v2,12400,100.0,0,62,18,False,600,False,26,MAINTENANCE
Rake-09,2026-07-30,CLOSED,NONE,False,12200,50000,2025-09-11,2,0.0,0.0,HydroMech_v1,12000,98.0,0,61,16,False,200,False,26,STANDBY
Rake-10,2025-12-12,CLOSED,NONE,False,12200,50000,2025-09-13,1,0.0,0.0,ElectroBrake_v2,12000,99.0,0,61,14,False,200,False,26,STANDBY
Rake-11,2026-02-28,CLOSED,NONE,True,12200,50000,2025-09-12,1,100.0,976.0,ElectroBrake_v2,12000,99.0,0,61,14,False,200,False,26,STANDBY
Rake-12,2026-08-01,CLOSED,NONE,False,12400,50000,2025-09-04,0,0.0,0.0,HydroMech_v1,12400,100.0,0,62,19,False,0,False,26,STANDBY
Rake-13,2026-04-10,CLOSED,NONE,False,12200,50000,2025-09-13,2,0.0,0.0,ElectroBrake_v2,11800,99.0,1,61,15,False,200,False,26,SERVICE
Rake-14,2025-10-10,CLOSED,NONE,False,12200,50000,2025-09-12,1,0.0,0.0,HydroMech_v1,11800,98.0,0,61,14,False,400,False,26,STANDBY
Rake-15,2026-06-19,CLOSED,NONE,False,12400,50000,2025-09-10,0,0.0,0.0,ElectroBrake_v2,12200,98.0,0,62,14,False,200,False,26,STANDBY
Rake-16,2027-01-01,CLOSED,NONE,False,12200,50000,2025-09-13,2,0.0,0.0,ElectroBrake_v2,11800,97.0,0,61,19,False,400,False,26,STANDBY
Rake-17,2026-09-05,CLOSED,NONE,True,12200,50000,2025-09-11,1,40.0,976.0,HydroMech_v1,12200,100.0,0,61,16,False,0,False,26,STANDBY
Rake-18,2026-11-20,CLOSED,NONE,False,12400,50000,2025-09-13,0,0.0,0.0,ElectroBrake_v2,12000,98.0,0,62,14,False,400,False,26,STANDBY
Rake-19,2026-10-10,CLOSED,NONE,False,12200,50000,2025-09-06,1,0.0,0.0,HydroMech_v1,12200,100.0,0,61,21,False,0,False,26,STANDBY
Rake-20,2025-10-13,CLOSED,NONE,False,12200,50000,2025-09-12,2,0.0,0.0,ElectroBrake_v2,12000,100.0,1,61,15,False,0,False,26,SERVICE
Rake-21,2026-12-01,CLOSED,NONE,False,12200,50000,2025-09-13,1,0.0,0.0,ElectroBrake_v2,11800,98.0,0,61,15,False,400,False,26,STANDBY
Rake-22,2026-04-15,CLOSED,NONE,False,12400,50000,2025-09-12,0,0.0,0.0,HydroMech_v1,12400,100.0,0,62,15,False,800,False,26,MAINTENANCE
Rake-23,2026-07-20,CLOSED,NONE,True,12200,50000,2025-09-11,2,120.0,976.0,ElectroBrake_v2,11600,98.0,1,61,13,False,400,False,26,SERVICE
Rake-24,2026-08-25,CLOSED,NONE,False,12200,50000,2025-09-10,1,0.0,0.0,HydroMech_v1,11800,98.0,0,61,15,False,400,False,26,STANDBY
Rake-25,2026-01-30,CLOSED,NONE,False,12400,50000,2025-09-13,0,0.0,0.0,ElectroBrake_v2,12000,97.0,0,62,14,False,400,False,26,STANDBY
Rake-01,2026-10-20,CLOSED,NONE,False,12400,50000,2025-09-12,0,0.0,0.0,ElectroBrake_v2,12200,98.0,0,62,19,False,200,False,27,STANDBY
Rake-02,2025-10-12,CLOSED,NONE,False,12200,50000,2025-09-10,1,0.0,0.0,HydroMech_v1,11600,97.0,0,61,13,False,600,False,27,STANDBY
Rake-03,2026-01-15,CLOSED,NONE,False,12200,50000,2025-09-12,2,0.0,0.0,ElectroBrake_v2,11800,97.0,0,61,14,False,400,False,27,STANDBY
Rake-04,2025-11-05,CLOSED,NONE,True,12400,50000,2025-09-11,1,60.0,992.0,ElectroBrake_v2,11400,96.0,1,62,19,False,800,False,27,SERVICE
Rake-05,2026-09-30,CLOSED,NONE,True,12400,50000,2025-09-12,0,80.0,992.0,HydroMech_v1,12000,98.0,0,62,17,False,400,False,27,STANDBY
Rake-06,2026-03-18,CLOSED,NONE,False,12200,50000,2025-09-05,2,0.0,0.0,ElectroBrake_v2,12200,100.0,0,61,15,False,600,False,27,MAINTENANCE
Rake-07,2025-10-13,CLOSED,NONE,False,12200,50000,2025-09-12,1,0.0,0.0,HydroMech_v1,11600,97.0,0,61,16,False,600,False,27,STANDBY
Rake-08,2026-05-22,CLOSED,NONE,False,12400,50000,2025-09-13,0,0.0,0.0,ElectroBrake_v2,12400,100.0,0,62,18,False,0,False,27,STANDBY
Rake-09,2026-07-30,CLOSED,NONE,False,12200,50000,2025-09-11,2,0.0,0.0,HydroMech_v1,12000,99.0,0,61,16,False,200,False,27,STANDBY
Rake-10,2025-12-12,CLOSED,NONE,False,12200,50000,2025-09-13,1,0.0,0.0,ElectroBrake_v2,12000,99.0,0,61,14,False,200,False,27,STANDBY
Rake-11,2026-02-28,CLOSED,NONE,True,12200,50000,2025-09-12,1,100.0,976.0,ElectroBrake_v2,12000,99.0,0,61,14,False,200,False,27,STANDBY
Rake-12,2026-08-01,CLOSED,NONE,False,12400,50000,2025-09-04,0,0.0,0.0,HydroMech_v1,12400,100.0,0,62,19,False,0,False,27,STANDBY
Rake-13,2026-04-10,CLOSED,NONE,False,12200,50000,2025-09-13,2,0.0,0.0,ElectroBrake_v2,11800,97.0,0,61,15,False,400,False,27,STANDBY
Rake-14,2025-10-10,CLOSED,NONE,False,12400,50000,2025-09-12,1,0.0,0.0,HydroMech_v1,11800,98.0,1,62,14,False,400,False,27,SERVICE
Rake-15,2026-06-19,CLOSED,NONE,False,12400,50000,2025-09-10,0,0.0,0.0,ElectroBrake_v2,12200,99.0,0,62,14,False,200,False,27,STANDBY
Rake-16,2027-01-01,CLOSED,NONE,False,12200,50000,2025-09-13,2,0.0,0.0,ElectroBrake_v2,11800,98.0,0,61,19,False,400,False,27,STANDBY
Rake-17,2026-09-05,CLOSED,NONE,True,12400,50000,2025-09-11,1,40.0,992.0,HydroMech_v1,12200,100.0,1,62,16,False,0,False,27,SERVICE
Rake-18,2026-11-20,CLOSED,NONE,False,12400,50000,2025-09-13,0,0.0,0.0,ElectroBrake_v2,12000,98.0,0,62,14,False,400,False,27,STANDBY
Rake-19,2026-10-10,CLOSED,NONE,False,12400,50000,2025-09-06,1,0.0,0.0,HydroMech_v1,12200,100.0,1,62,21,False,0,False,27,SERVICE
Rake-20,2025-10-13,CLOSED,NONE,False,12200,50000,2025-09-12,2,0.0,0.0,ElectroBrake_v2,12000,98.0,0,61,15,False,200,False,27,STANDBY
Rake-21,2026-12-01,CLOSED,NONE,False,12400,50000,2025-09-13,1,0.0,0.0,ElectroBrake_v2,11800,98.0,1,62,15,False,400,False,27,SERVICE
Rake-22,2026-04-15,CLOSED,NONE,False,12400,50000,2025-09-12,0,0.0,0.0,HydroMech_v1,12400,100.0,0,62,15,False,0,False,27,STANDBY
Rake-23,2026-07-20,CLOSED,NONE,True,12200,50000,2025-09-11,2,120.0,976.0,ElectroBrake_v2,12200,100.0,0,61,14,False,600,False,27,MAINTENANCE
Rake-24,2026-08-25,CLOSED,NONE,False,12400,50000,2025-09-10,1,0.0,0.0,HydroMech_v1,11800,98.0,1,62,15,False,400,False,27,SERVICE
Rake-25,2026-01-30,CLOSED,NONE,False,12400,50000,2025-09-13,0,0.0,0.0,ElectroBrake_v2,12000,98.0,0,62,14,False,400,False,27,STANDBY
Rake-01,2026-10-20,CLOSED,NONE,False,12600,50000,2025-09-12,0,0.0,0.0,ElectroBrake_v2,12200,99.0,1,63,19,False,200,False,28,SERVICE
Rake-02,2025-10-12,CLOSED,NONE,False,12400,50000,2025-09-10,1,0.0,0.0,HydroMech_v1,11600,97.0,1,62,13,False,600,False,28,SERVICE
Rake-03,2026-01-15,CLOSED,NONE,False,12200,50000,2025-09-12,2,0.0,0.0,ElectroBrake_v2,11800,98.0,0,61,14,False,400,False,28,STANDBY
Rake-04,2025-11-05,CLOSED,NONE,True,12400,50000,2025-09-11,1,60.0,992.0,ElectroBrake_v2,12400,100.0,0,62,20,False,1000,False,28,MAINTENANCE
Rake-05,2026-09-30,CLOSED,NONE,True,12400,50000,2025-09-12,0,80.0,992.0,HydroMech_v1,12000,98.0,0,62,17,False,400,False,28,STANDBY
Rake-06,2026-03-18,CLOSED,NONE,False,12200,50000,2025-09-05,2,0.0,0.0,ElectroBrake_v2,12200,100.0,0,61,15,False,0,False,28,STANDBY
Rake-07,2025-10-13,CLOSED,NONE,False,12400,50000,2025-09-12,1,0.0,0.0,HydroMech_v1,11600,97.0,1,62,16,False,600,False,28,SERVICE
Rake-08,2026-05-22,CLOSED,NONE,False,12600,50000,2025-09-13,0,0.0,0.0,ElectroBrake_v2,12400,100.0,1,63,18,False,0,False,28,SERVICE
Rake-09,2026-07-30,CLOSED,NONE,False,12200,50000,2025-09-11,2,0.0,0.0,HydroMech_v1,12000,99.0,0,61,16,False,200,False,28,STANDBY
Rake-10,2025-12-12,CLOSED,NONE,False,12400,50000,2025-09-13,1,0.0,0.0,ElectroBrake_v2,12000,99.0,1,62,14,False,200,False,28,SERVICE
Rake-11,2026-02-28,CLOSED,NONE,True,12400,50000,2025-09-12,1,100.0,992.0,ElectroBrake_v2,12000,99.0,1,62,14,False,200,False,28,SERVICE
Rake-12,2026-08-01,CLOSED,NONE,False,12400,50000,2025-09-04,0,0.0,0.0,HydroMech_v1,12400,100.0,0,62,19,False,0,False,28,STANDBY
Rake-13,2026-04-10,CLOSED,NONE,False,12200,50000,2025-09-13,2,0.0,0.0,ElectroBrake_v2,11800,98.0,0,61,15,False,400,False,28,STANDBY
Rake-14,2025-10-10,CLOSED,NONE,False,12400,50000,2025-09-12,1,0.0,0.0,HydroMech_v1,11800,96.0,0,62,14,False,600,False,28,STANDBY
Rake-15,2026-06-19,CLOSED,NONE,False,12400,50000,2025-09-10,0,0.0,0.0,ElectroBrake_v2,12200,99.0,0,62,14,False,200,False,28,STANDBY
Rake-16,2027-01-01,CLOSED,NONE,False,12200,50000,2025-09-13,2,0.0,0.0,ElectroBrake_v2,11800,98.0,0,61,19,False,400,False,28,STANDBY
Rake-17,2026-09-05,CLOSED,NONE,True,12400,50000,2025-09-11,1,40.0,992.0,HydroMech_v1,12200,98.0,0,62,16,False,200,False,28,STANDBY
Rake-18,2026-11-20,CLOSED,NONE,False,12400,50000,2025-09-13,0,0.0,0.0,ElectroBrake_v2,12000,98.0,0,62,14,False,400,False,28,STANDBY
Rake-19,2026-10-10,CLOSED,NONE,False,12400,50000,2025-09-06,1,0.0,0.0,HydroMech_v1,12200,98.0,0,62,21,False,200,False,28,STANDBY
Rake-20,2025-10-13,CLOSED,NONE,False,12200,50000,2025-09-12,2,0.0,0.0,ElectroBrake_v2,12000,99.0,0,61,15,False,200,False,28,STANDBY
Rake-21,2026-12-01,CLOSED,NONE,False,12400,50000,2025-09-13,1,0.0,0.0,ElectroBrake_v2,12400,100.0,0,62,16,False,600,False,28,MAINTENANCE
Rake-22,2026-04-15,CLOSED,NONE,False,12400,50000,2025-09-12,0,0.0,0.0,HydroMech_v1,12400,100.0,0,62,15,False,0,False,28,STANDBY
Rake-23,2026-07-20,CLOSED,NONE,True,12200,50000,2025-09-11,2,120.0,976.0,ElectroBrake_v2,12200,100.0,0,61,14,False,0,False,28,STANDBY
Rake-24,2026-08-25,CLOSED,NONE,False,12400,50000,2025-09-10,1,0.0,0.0,HydroMech_v1,11800,96.0,0,62,15,False,600,False,28,STANDBY
Rake-25,2026-01-30,CLOSED,NONE,False,12400,50000,2025-09-13,0,0.0,0.0,ElectroBrake_v2,12000,98.0,0,62,14,False,400,False,28,STANDBY
Rake-01,2026-10-20,CLOSED,NONE,False,12600,50000,2025-09-12,0,0.0,0.0,ElectroBrake_v2,12200,97.0,0,63,19,False,400,False,29,STANDBY
Rake-02,2025-10-12,CLOSED,NONE,False,12400,50000,2025-09-10,1,0.0,0.0,HydroMech_v1,12400,100.0,0,62,14,False,800,False,29,MAINTENANCE
Rake-03,2026-01-15,CLOSED,NONE,False,12200,50000,2025-09-12,2,0.0,0.0,ElectroBrake_v2,11800,98.0,0,61,14,False,400,False,29,STANDBY
Rake-04,2025-11-05,CLOSED,NONE,True,12400,50000,2025-09-11,1,60.0,992.0,ElectroBrake_v2,12400,100.0,0,62,20,False,0,False,29,STANDBY
Rake-05,2026-09-30,CLOSED,NONE,True,12600,50000,2025-09-12,0,80.0,1008.0,HydroMech_v1,12000,98.0,1,63,17,False,400,False,29,SERVICE
Rake-06,2026-03-18,CLOSED,NONE,False,12200,50000,2025-09-05,2,0.0,0.0,ElectroBrake_v2,12200,100.0,0,61,15,False,0,False,29,STANDBY
Rake-07,2025-10-13,CLOSED,NONE,False,12400,50000,2025-09-12,1,0.0,0.0,HydroMech_v1,12400,100.0,0,62,17,False,800,False,29,MAINTENANCE
Rake-08,2026-05-22,CLOSED,NONE,False,12600,50000,2025-09-13,0,0.0,0.0,ElectroBrake_v2,12400,98.0,0,63,18,False,200,False,29,STANDBY
Rake-09,2026-07-30,CLOSED,NONE,False,12200,50000,2025-09-11,2,0.0,0.0,HydroMech_v1,12000,99.0,0,61,16,False,200,False,29,STANDBY
Rake-10,2025-12-12,CLOSED,NONE,False,12400,50000,2025-09-13,1,0.0,0.0,ElectroBrake_v2,12000,97.0,0,62,14,False,400,False,29,STANDBY
Rake-11,2026-02-28,CLOSED,NONE,True,12400,50000,2025-09-12,1,100.0,992.0,ElectroBrake_v2,12000,97.0,0,62,14,False,400,False,29,STANDBY
Rake-12,2026-08-01,CLOSED,NONE,False,12600,50000,2025-09-04,0,0.0,0.0,HydroMech_v1,12400,100.0,1,63,19,False,0,False,29,SERVICE
Rake-13,2026-04-10,CLOSED,NONE,False,12200,50000,2025-09-13,2,0.0,0.0,ElectroBrake_v2,11800,98.0,0,61,15,False,400,False,29,STANDBY
Rake-14,2025-10-10,CLOSED,NONE,False,12400,50000,2025-09-12,1,0.0,0.0,HydroMech_v1,11800,97.0,0,62,14,False,600,False,29,STANDBY
Rake-15,2026-06-19,CLOSED,NONE,False,12600,50000,2025-09-10,0,0.0,0.0,ElectroBrake_v2,12200,99.0,1,63,14,False,200,False,29,SERVICE
Rake-16,2027-01-01,CLOSED,NONE,False,12200,50000,2025-09-13,2,0.0,0.0,ElectroBrake_v2,11800,98.0,0,61,19,False,400,False,29,STANDBY
Rake-17,2026-09-05,CLOSED,NONE,True,12400,50000,2025-09-11,1,40.0,992.0,HydroMech_v1,12200,99.0,0,62,16,False,200,False,29,STANDBY
Rake-18,2026-11-20,CLOSED,NONE,False,12600,50000,2025-09-13,0,0.0,0.0,ElectroBrake_v2,12000,98.0,1,63,14,False,400,False,29,SERVICE
Rake-19,2026-10-10,CLOSED,NONE,False,12400,50000,2025-09-06,1,0.0,0.0,HydroMech_v1,12200,99.0,0,62,21,False,200,False,29,STANDBY
Rake-20,2025-10-13,CLOSED,NONE,False,12200,50000,2025-09-12,2,0.0,0.0,ElectroBrake_v2,12000,99.0,0,61,15,False,200,False,29,STANDBY
Rake-21,2026-12-01,CLOSED,NONE,False,12400,50000,2025-09-13,1,0.0,0.0,ElectroBrake_v2,12400,100.0,0,62,16,False,0,False,29,STANDBY
Rake-22,2026-04-15,CLOSED,NONE,False,12600,50000,2025-09-12,0,0.0,0.0,HydroMech_v1,12400,100.0,1,63,15,False,0,False,29,SERVICE
Rake-23,2026-07-20,CLOSED,NONE,True,12200,50000,2025-09-11,2,120.0,976.0,ElectroBrake_v2,12200,100.0,0,61,14,False,0,False,29,STANDBY
Rake-24,2026-08-25,CLOSED,NONE,False,12400,50000,2025-09-10,1,0.0,0.0,HydroMech_v1,11800,97.0,0,62,15,False,600,False,29,STANDBY
Rake-25,2026-01-30,CLOSED,NONE,False,12600,50000,2025-09-13,0,0.0,0.0,ElectroBrake_v2,12000,98.0,1,63,14,False,400,False,29,SERVICE
Rake-01,2026-10-20,CLOSED,NONE,False,12600,50000,2025-09-12,0,0.0,0.0,ElectroBrake_v2,12200,98.0,0,63,19,False,400,False,30,STANDBY
Rake-02,2025-10-12,CLOSED,NONE,False,12400,50000,2025-09-10,1,0.0,0.0,HydroMech_v1,12400,100.0,0,62,14,False,0,False,30,STANDBY
Rake-03,2026-01-15,CLOSED,NONE,False,12400,50000,2025-09-12,2,0.0,0.0,ElectroBrake_v2,11800,98.0,1,62,14,False,400,False,30,SERVICE
Rake-04,2025-11-05,CLOSED,NONE,True,12400,50000,2025-09-11,1,60.0,992.0,ElectroBrake_v2,12400,100.0,0,62,20,False,0,False,30,STANDBY
Rake-05,2026-09-30,CLOSED,NONE,True,12600,50000,2025-09-12,0,80.0,1008.0,HydroMech_v1,12000,96.0,0,63,17,False,600,False,30,STANDBY
Rake-06,2026-03-18,CLOSED,NONE,False,12200,50000,2025-09-05,2,0.0,0.0,ElectroBrake_v2,12200,100.0,0,61,15,False,0,False,30,STANDBY
Rake-07,2025-10-13,CLOSED,NONE,False,12400,50000,2025-09-12,1,0.0,0.0,HydroMech_v1,12400,100.0,0,62,17,False,0,False,30,STANDBY
Rake-08,2026-05-22,CLOSED,NONE,False,12600,50000,2025-09-13,0,0.0,0.0,ElectroBrake_v2,12400,99.0,0,63,18,False,200,False,30,STANDBY
Rake-09,2026-07-30,CLOSED,NONE,False,12400,50000,2025-09-11,2,0.0,0.0,HydroMech_v1,12000,99.0,1,62,16,False,200,False,30,SERVICE
Rake-10,2025-12-12,CLOSED,NONE,False,12400,50000,2025-09-13,1,0.0,0.0,ElectroBrake_v2,12000,98.0,0,62,14,False,400,False,30,STANDBY
Rake-11,2026-02-28,CLOSED,NONE,True,12400,50000,2025-09-12,1,100.0,992.0,ElectroBrake_v2,12000,98.0,0,62,14,False,400,False,30,STANDBY
Rake-12,2026-08-01,CLOSED,NONE,False,12600,50000,2025-09-04,0,0.0,0.0,HydroMech_v1,12400,98.0,0,63,19,False,200,False,30,STANDBY
Rake-13,2026-04-10,CLOSED,NONE,False,12400,50000,2025-09-13,2,0.0,0.0,ElectroBrake_v2,11800,98.0,1,62,15,False,400,False,30,SERVICE
Rake-14,2025-10-10,CLOSED,NONE,False,12400,50000,2025-09-12,1,0.0,0.0,HydroMech_v1,11800,97.0,0,62,14,False,600,False,30,STANDBY
Rake-15,2026-06-19,CLOSED,NONE,False,12600,50000,2025-09-10,0,0.0,0.0,ElectroBrake_v2,12200,97.0,0,63,14,False,400,False,30,STANDBY
Rake-16,2027-01-01,CLOSED,NONE,False,12400,50000,2025-09-13,2,0.0,0.0,ElectroBrake_v2,11800,98.0,1,62,19,False,400,False,30,SERVICE
Rake-17,2026-09-05,CLOSED,NONE,True,12400,50000,2025-09-11,1,40.0,992.0,HydroMech_v1,12200,99.0,0,62,16,False,200,False,30,STANDBY
Rake-18,2026-11-20,CLOSED,NONE,False,12600,50000,2025-09-13,0,0.0,0.0,ElectroBrake_v2,12600,100.0,0,63,15,False,600,False,30,MAINTENANCE
Rake-19,2026-10-10,CLOSED,NONE,False,12400,50000,2025-09-06,1,0.0,0.0,HydroMech_v1,12200,99.0,0,62,21,False,200,False,30,STANDBY
Rake-20,2025-10-13,CLOSED,NONE,False,12400,50000,2025-09-12,2,0.0,0.0,ElectroBrake_v2,12000,99.0,1,62,15,False,200,False,30,SERVICE
Rake-21,2026-12-01,CLOSED,NONE,False,12400,50000,2025-09-13,1,0.0,0.0,ElectroBrake_v2,12400,100.0,0,62,16,False,0,False,30,STANDBY
Rake-22,2026-04-15,CLOSED,NONE,False,12600,50000,2025-09-12,0,0.0,0.0,HydroMech_v1,12400,98.0,0,63,15,False,200,False,30,STANDBY
Rake-23,2026-07-20,CLOSED,NONE,True,12400,50000,2025-09-11,2,120.0,992.0,ElectroBrake_v2,12200,100.0,1,62,14,False,0,False,30,SERVICE
Rake-24,2026-08-25,CLOSED,NONE,False,12400,50000,2025-09-10,1,0.0,0.0,HydroMech_v1,11800,97.0,0,62,15,False,600,False,30,STANDBY
Rake-25,2026-01-30,CLOSED,NONE,False,12600,50000,2025-09-13,0,0.0,0.0,ElectroBrake_v2,12600,100.0,0,63,15,False,600,False,30,MAINTENANCE
